id,mode,elapsed_ms,phase,policy,arrival_rate,throughput,queue_depth,pending_gpu_jobs,cpu_utilization,gpu_utilization,gpu_memory_free_bytes,p50_ms,p95_ms,p99_ms,scalar_p95_ms,simd_p95_ms,cuda_p95_ms,gpu_batch_p95_ms,mean_gpu_batch_size,policy_changes,controller_errors,sample_age_ms,laya_calls,laya_fallbacks,laya_errors,laya_confidence,laya_latency_ms,laya_status,offered,completed,rejected,failed,contention_enabled,contention_active,contention_kernels
run-0011,gpu_batch,0.626217,quiet,gpu_batch,0.000000,0.000000,0,0,0.000000,0.000000,15617224704,,,,,,,,,0,0,0.000038,0,0,0,,,,0,0,0,0,0,0,0
run-0011,gpu_batch,502.468314,quiet,gpu_batch,5.000000,5.000000,0,0,0.001001,0.010000,15617224704,4.390928,4.830021,4.830021,,,,4.830021,1.000000,0,0,0.000118,0,0,0,,,,5,5,0,0,0,0,0
run-0011,gpu_batch,1002.448678,quiet,gpu_batch,9.000000,9.000000,0,0,0.007028,0.010000,15617224704,4.390928,4.830021,4.830021,,,,4.830021,1.000000,0,0,0.000113,0,0,0,,,,10,10,0,0,0,0,0
run-0011,gpu_batch,1501.285735,quiet,gpu_batch,10.000000,9.000000,1,1,0.003996,0.010000,15617224704,3.991753,4.830021,4.830021,,,,4.830021,1.000000,0,0,0.000038,0,0,0,,,,16,15,0,0,0,0,0
run-0011,gpu_batch,2001.802387,quiet,gpu_batch,10.000000,9.000000,1,1,0.002997,0.010000,15617224704,3.628866,4.390928,4.390928,,,,4.390928,1.000000,0,0,0.000031,0,0,0,,,,21,20,0,0,0,0,0
run-0011,gpu_batch,2502.394013,quiet,gpu_batch,10.000000,9.000000,1,1,0.003000,0.010000,15617224704,3.991753,5.844325,5.844325,,,,5.844325,1.000000,0,0,0.000294,0,0,0,,,,26,25,0,0,0,0,0
run-0011,gpu_batch,3002.082296,quiet,gpu_batch,10.000000,9.000000,1,1,0.007014,0.010000,15617224704,4.830021,5.844325,5.844325,,,,5.844325,1.000000,0,0,0.000084,0,0,0,,,,31,30,0,0,0,0,0
run-0011,gpu_batch,3501.607419,quiet,gpu_batch,10.000000,9.000000,1,1,0.002000,0.040000,15621156864,3.991753,5.313023,5.313023,,,,5.313023,1.000000,0,0,0.000031,0,0,0,,,,36,35,0,0,0,0,0
run-0011,gpu_batch,4002.246293,quiet,gpu_batch,10.000000,9.000000,1,1,0.001998,0.030000,15621615616,3.628866,3.991753,3.991753,,,,3.991753,1.000000,0,0,0.000097,0,0,0,,,,41,40,0,0,0,0,0
run-0011,gpu_batch,4503.276248,quiet,gpu_batch,10.000000,9.000000,1,1,0.003992,0.010000,15622991872,3.991753,5.313023,5.313023,,,,5.313023,1.000000,0,0,0.000153,0,0,0,,,,46,45,0,0,0,0,0
run-0011,gpu_batch,5003.025343,quiet,gpu_batch,10.000000,9.000000,1,1,0.004995,0.040000,15623254016,4.830021,7.071633,7.071633,,,,7.071633,1.000000,0,0,0.000155,0,0,0,,,,51,50,0,0,0,0,0
run-0011,gpu_batch,5502.355895,quiet,gpu_batch,10.000000,9.000000,1,1,0.002997,0.020000,15625089024,4.390928,7.071633,7.071633,,,,7.071633,1.000000,0,0,0.000042,0,0,0,,,,56,55,0,0,0,0,0
run-0011,gpu_batch,6003.203189,quiet,gpu_batch,10.000000,9.000000,1,1,0.003996,0.060000,15625154560,3.991753,5.313023,5.313023,,,,5.313023,1.000000,0,0,0.000148,0,0,0,,,,61,60,0,0,0,0,0
run-0011,gpu_batch,6502.810155,quiet,gpu_batch,10.000000,9.000000,1,1,0.007976,0.140000,15625416704,7.778796,11.388936,11.388936,,,,11.388936,1.000000,0,0,0.000037,0,0,0,,,,66,65,0,0,0,0,0
run-0011,gpu_batch,7003.524231,quiet,gpu_batch,10.000000,9.000000,1,1,0.004995,0.040000,15634591744,8.556676,11.388936,11.388936,,,,11.388936,1.000000,0,0,0.000158,0,0,0,,,,71,70,0,0,0,0,0
run-0011,gpu_batch,7503.853603,quiet,gpu_batch,10.000000,9.000000,1,1,0.007984,0.180000,15635378176,9.412344,11.388936,11.388936,,,,11.388936,1.000000,0,0,0.000083,0,0,0,,,,76,75,0,0,0,0,0
run-0011,gpu_batch,8005.676028,quiet,gpu_batch,10.000000,9.000000,1,1,0.013972,0.100000,15635378176,13.780612,63.321541,63.321541,,,,63.321541,1.000000,0,0,0.000093,0,0,0,,,,81,80,0,0,0,0,0
run-0011,gpu_batch,8504.194467,quiet,gpu_batch,10.000000,9.000000,1,1,0.022886,0.100000,15635378176,15.158674,123.395771,123.395771,,,,123.395771,1.000000,0,0,0.000060,0,0,0,,,,86,85,0,0,0,0,0
run-0011,gpu_batch,9005.917642,quiet,gpu_batch,10.000000,9.000000,1,2,0.023952,0.390000,15635378176,16.674541,123.395771,123.395771,,,,123.395771,1.000000,0,0,0.000045,0,0,0,,,,91,89,0,0,0,0,0
run-0011,gpu_batch,9503.703363,quiet,gpu_batch,10.000000,9.000000,1,1,0.010978,0.010000,15635378176,13.780612,123.395771,123.395771,,,,123.395771,1.000000,0,0,0.000057,0,0,0,,,,96,95,0,0,0,0,0
run-0011,gpu_batch,10004.277049,burst,gpu_batch,41.000000,9.000000,0,32,0.003996,0.040000,15635378176,4.390928,7.778796,7.778796,,,,7.778796,1.000000,0,0,0.000063,0,0,0,,,,132,100,0,0,0,0,0
run-0011,gpu_batch,10504.588293,burst,gpu_batch,772.000000,548.000000,192,224,0.051896,0.780000,15635378176,112.177973,149.308882,149.308882,,,,149.308882,26.095238,0,0,0.000030,0,0,0,,,,868,644,0,0,0,0,0
run-0011,gpu_batch,11008.610046,burst,gpu_batch,1408.000000,1120.000000,320,352,0.051948,0.750000,15639285760,164.239771,240.463448,240.463448,,,,240.463448,32.000000,0,0,0.000025,0,0,0,,,,1636,1284,0,0,0,0,0
run-0011,gpu_batch,11504.660156,burst,gpu_batch,1376.000000,1152.000000,448,480,0.051000,0.820000,15644135424,240.463448,320.056850,320.056850,,,,320.056850,32.000000,0,0,0.000036,0,0,0,,,,2372,1892,0,0,0,0,0
run-0011,gpu_batch,12004.646166,burst,gpu_batch,1376.000000,1120.000000,576,608,0.051896,0.780000,15644594176,352.062535,425.995667,425.995667,,,,425.995667,32.000000,0,0,0.000027,0,0,0,,,,3108,2500,0,0,0,0,0
run-0011,gpu_batch,12515.585563,burst,gpu_batch,1408.000000,1120.000000,736,768,0.051000,0.800000,15645249536,425.995667,515.454757,515.454757,,,,515.454757,32.000000,0,0,0.000029,0,0,0,,,,3876,3108,0,0,0,0,0
run-0011,gpu_batch,13005.158268,burst,gpu_batch,1376.000000,1120.000000,864,896,0.051000,0.770000,15645970432,567.000233,623.700256,623.700256,,,,623.700256,32.000000,0,0,0.000036,0,0,0,,,,4612,3716,0,0,0,0,0
run-0011,gpu_batch,13527.415076,burst,gpu_batch,1408.000000,1120.000000,1024,1056,0.051948,0.780000,15646232576,623.700256,686.070281,686.070281,,,,686.070281,32.000000,0,0,0.000066,0,0,0,,,,5380,4324,0,0,0,0,0
run-0011,gpu_batch,14004.662655,burst,gpu_batch,1376.000000,1120.000000,1024,1056,0.051000,0.800000,15648460800,754.677309,830.145040,830.145040,,,,830.145040,32.000000,0,0,0.000034,0,0,0,,,,6116,4932,128,0,0,0,0
run-0011,gpu_batch,14507.021262,burst,gpu_batch,1408.000000,1120.000000,1024,1056,0.050949,0.770000,15648722944,830.145040,913.159544,913.159544,,,,913.159544,32.000000,0,0,0.000055,0,0,0,,,,6884,5540,288,0,0,0,0
run-0011,gpu_batch,15005.686491,burst,gpu_batch,1376.000000,1120.000000,1024,1056,0.053838,0.770000,15648985088,913.159544,913.159544,913.159544,,,,913.159544,32.000000,0,0,0.000028,0,0,0,,,,7620,6148,416,0,0,0,0
run-0011,gpu_batch,15505.534005,burst,gpu_batch,1376.000000,1120.000000,1024,1056,0.051000,0.790000,15649574912,913.159544,913.159544,913.159544,,,,913.159544,32.000000,0,0,0.000033,0,0,0,,,,8356,6756,544,0,0,0,0
run-0011,gpu_batch,16005.155835,burst,gpu_batch,1376.000000,1120.000000,1024,1056,0.051000,0.770000,15649574912,913.159544,913.159544,913.159544,,,,913.159544,32.000000,0,0,0.000025,0,0,0,,,,9124,7364,704,0,0,0,0
run-0011,gpu_batch,16505.726428,burst,gpu_batch,1376.000000,1120.000000,992,1024,0.051948,0.780000,15649574912,913.159544,913.159544,913.159544,,,,913.159544,32.000000,0,0,0.000036,0,0,0,,,,9860,7972,864,0,0,0,0
run-0011,gpu_batch,17005.627011,burst,gpu_batch,1408.000000,1120.000000,1024,1056,0.050050,0.780000,15649574912,913.159544,913.159544,913.159544,,,,913.159544,32.000000,0,0,0.000029,0,0,0,,,,10628,8580,992,0,0,0,0
run-0011,gpu_batch,17505.245171,burst,gpu_batch,1376.000000,1120.000000,1024,1056,0.051948,0.760000,15649574912,913.159544,913.159544,913.159544,,,,913.159544,32.000000,0,0,0.000025,0,0,0,,,,11364,9188,1120,0,0,0,0
run-0011,gpu_batch,18005.797480,burst,gpu_batch,1408.000000,1152.000000,992,1024,0.051896,0.760000,15649574912,913.159544,913.159544,913.159544,,,,913.159544,32.000000,0,0,0.000037,0,0,0,,,,12132,9828,1280,0,0,0,0
run-0011,gpu_batch,18505.711467,burst,gpu_batch,1376.000000,1152.000000,1024,1056,0.051000,0.790000,15649574912,913.159544,913.159544,913.159544,,,,913.159544,32.000000,0,0,0.000029,0,0,0,,,,12868,10436,1376,0,0,0,0
run-0011,gpu_batch,19005.810914,burst,gpu_batch,1408.000000,1184.000000,1024,1056,0.053838,0.760000,15649574912,913.159544,913.159544,913.159544,,,,913.159544,32.000000,0,0,0.000032,0,0,0,,,,13636,11076,1504,0,0,0,0
run-0011,gpu_batch,19505.950748,burst,gpu_batch,1376.000000,1152.000000,1024,1056,0.051948,0.760000,15649574912,913.159544,913.159544,913.159544,,,,913.159544,32.000000,0,0,0.000025,0,0,0,,,,14372,11684,1632,0,0,0,0
run-0011,gpu_batch,20005.865656,contention,gpu_batch,1400.000000,1152.000000,1024,1056,0.051000,0.800000,15649574912,830.145040,913.159544,913.159544,,,,913.159544,32.000000,0,0,0.000037,0,0,0,,,,15132,12324,1752,0,1,1,0
run-0011,gpu_batch,20506.174157,contention,gpu_batch,1400.000000,1088.000000,1024,1056,0.134615,0.990000,15649574912,913.159544,913.159544,913.159544,,,,913.159544,32.000000,0,0,0.000039,0,0,0,,,,15868,12868,1944,0,1,1,34
run-0011,gpu_batch,21006.283341,contention,gpu_batch,1408.000000,992.000000,1024,1056,0.135577,1.000000,15649574912,913.159544,1004.475499,1004.475499,,,,1004.475499,32.000000,0,0,0.000032,0,0,0,,,,16636,13412,2168,0,1,1,68
run-0011,gpu_batch,21512.774728,contention,gpu_batch,1376.000000,992.000000,992,1024,0.134745,1.000000,15649574912,1004.475499,1004.475499,1004.475499,,,,1004.475499,32.000000,0,0,0.000028,0,0,0,,,,17372,13956,2392,0,1,1,102
run-0011,gpu_batch,22006.452069,contention,gpu_batch,1376.000000,1024.000000,992,1024,0.136538,1.000000,15649574912,1004.475499,1004.475499,1004.475499,,,,1004.475499,32.000000,0,0,0.000041,0,0,0,,,,18108,14500,2584,0,1,1,135
run-0011,gpu_batch,22506.254513,contention,gpu_batch,1408.000000,992.000000,1024,1056,0.134745,1.000000,15649574912,1004.475499,1004.475499,1004.475499,,,,1004.475499,32.000000,0,0,0.000051,0,0,0,,,,18876,15012,2808,0,1,1,169
run-0011,gpu_batch,23006.640972,contention,gpu_batch,1376.000000,960.000000,1024,1056,0.134745,0.970000,15649574912,1004.475499,1004.475499,1004.475499,,,,1004.475499,32.000000,0,0,0.000032,0,0,0,,,,19612,15524,3032,0,1,1,202
run-0011,gpu_batch,23506.703715,contention,gpu_batch,1408.000000,960.000000,1024,1056,0.138063,0.980000,15649574912,1004.475499,1004.475499,1104.923049,,,,1004.475499,32.000000,0,0,0.000051,0,0,0,,,,20380,16068,3256,0,1,1,237
run-0011,gpu_batch,24006.840753,contention,gpu_batch,1376.000000,992.000000,992,1024,0.101898,1.000000,15649574912,1004.475499,1004.475499,1104.923049,,,,1004.475499,32.000000,0,0,0.000033,0,0,0,,,,21116,16612,3480,0,1,1,271
run-0011,gpu_batch,24506.807911,contention,gpu_batch,1408.000000,1024.000000,1024,1056,0.101898,1.000000,15649574912,1004.475499,1004.475499,1004.475499,,,,1004.475499,32.000000,0,0,0.000033,0,0,0,,,,21884,17156,3672,0,1,1,306
run-0011,gpu_batch,25007.188068,contention,gpu_batch,1376.000000,1024.000000,992,1024,0.101101,1.000000,15649574912,1004.475499,1004.475499,1004.475499,,,,1004.475499,32.000000,0,0,0.000053,0,0,0,,,,22620,17700,3896,0,1,1,340
run-0011,gpu_batch,25507.085638,contention,gpu_batch,1408.000000,1024.000000,1024,1056,0.102794,1.000000,15649574912,1004.475499,1004.475499,1004.475499,,,,1004.475499,32.000000,0,0,0.000040,0,0,0,,,,23388,18244,4088,0,1,1,374
run-0011,gpu_batch,26007.334771,contention,gpu_batch,1376.000000,992.000000,1024,1056,0.101000,1.000000,15649574912,1004.475499,1004.475499,1004.475499,,,,1004.475499,32.000000,0,0,0.000059,0,0,0,,,,24124,18756,4312,0,1,1,411
run-0011,gpu_batch,26507.477610,contention,gpu_batch,1376.000000,960.000000,992,1024,0.101898,0.990000,15649574912,1004.475499,1104.923049,1104.923049,,,,1104.923049,32.000000,0,0,0.000064,0,0,0,,,,24860,19268,4568,0,1,1,451
run-0011,gpu_batch,27007.616645,contention,gpu_batch,1408.000000,896.000000,1024,1056,0.102000,0.990000,15649574912,1104.923049,1104.923049,1104.923049,,,,1104.923049,32.000000,0,0,0.000049,0,0,0,,,,25628,19748,4824,0,1,1,496
run-0011,gpu_batch,27508.243496,contention,gpu_batch,1376.000000,896.000000,992,1024,0.100100,0.990000,15649574912,1104.923049,1104.923049,1215.415354,,,,1104.923049,32.000000,0,0,0.000054,0,0,0,,,,26364,20228,5112,0,1,1,542
run-0011,gpu_batch,28008.157241,contention,gpu_batch,1408.000000,896.000000,992,1024,0.101101,0.990000,15649574912,1104.923049,1215.415354,1215.415354,,,,1215.415354,32.000000,0,0,0.000112,0,0,0,,,,27132,20708,5400,0,1,1,586
run-0011,gpu_batch,28508.264220,contention,gpu_batch,1376.000000,896.000000,992,1024,0.101101,0.990000,15649574912,1104.923049,1215.415354,1215.415354,,,,1215.415354,32.000000,0,0,0.000061,0,0,0,,,,27868,21188,5656,0,1,1,631
run-0011,gpu_batch,29008.229806,contention,gpu_batch,1408.000000,864.000000,1024,1056,0.102897,0.990000,15649574912,1104.923049,1104.923049,1215.415354,,,,1104.923049,32.000000,0,0,0.000084,0,0,0,,,,28636,21636,5944,0,1,1,676
run-0011,gpu_batch,29508.813322,contention,gpu_batch,1376.000000,864.000000,1024,1056,0.101000,0.990000,15649574912,1104.923049,1104.923049,1104.923049,,,,1104.923049,32.000000,0,0,0.000054,0,0,0,,,,29372,22116,6200,0,1,1,720
run-0011,gpu_batch,30009.142310,recovery,gpu_batch,1369.000000,864.000000,1017,1049,0.102000,0.990000,15649574912,1104.923049,1215.415354,1215.415354,,,,1215.415354,32.000000,0,0,0.000087,0,0,0,,,,30101,22596,6456,0,0,1,764
run-0011,gpu_batch,30508.742410,recovery,gpu_batch,638.000000,960.000000,478,510,0.051000,0.640000,15649574912,1104.923049,1215.415354,1215.415354,,,,1215.415354,32.000000,0,0,0.000044,0,0,0,,,,30106,23140,6456,0,0,0,765
run-0011,gpu_batch,31008.535275,recovery,gpu_batch,10.000000,963.000000,0,0,0.040080,0.740000,15649574912,1104.923049,1104.923049,1104.923049,,,,1104.923049,30.093750,0,0,0.000050,0,0,0,,,,30111,23655,6456,0,0,0,765
run-0011,gpu_batch,31508.957167,recovery,gpu_batch,10.000000,424.000000,0,0,0.002997,0.010000,15649574912,1004.475499,1104.923049,1104.923049,,,,1104.923049,21.200000,0,0,0.000052,0,0,0,,,,30116,23660,6456,0,0,0,765
run-0011,gpu_batch,32009.638190,recovery,gpu_batch,10.000000,10.000000,0,0,0.003000,0.010000,15649574912,4.830021,5.313023,5.313023,,,,5.313023,1.000000,0,0,0.000092,0,0,0,,,,30121,23665,6456,0,0,0,765
run-0011,gpu_batch,32510.200808,recovery,gpu_batch,10.000000,10.000000,0,0,0.002002,0.010000,15649574912,4.830021,5.313023,5.313023,,,,5.313023,1.000000,0,0,0.000114,0,0,0,,,,30126,23670,6456,0,0,0,765
run-0011,gpu_batch,33009.696276,recovery,gpu_batch,10.000000,10.000000,0,0,0.003003,0.020000,15649574912,4.830021,6.428757,6.428757,,,,6.428757,1.000000,0,0,0.000073,0,0,0,,,,30131,23675,6456,0,0,0,765
run-0011,gpu_batch,33510.214428,recovery,gpu_batch,10.000000,10.000000,0,0,0.002002,0.030000,15649574912,6.428757,7.071633,7.071633,,,,7.071633,1.000000,0,0,0.000089,0,0,0,,,,30136,23680,6456,0,0,0,765
run-0011,gpu_batch,34010.274645,recovery,gpu_batch,10.000000,10.000000,0,0,0.004995,0.030000,15649574912,7.071633,7.778796,7.778796,,,,7.778796,1.000000,0,0,0.000057,0,0,0,,,,30141,23685,6456,0,0,0,765
run-0011,gpu_batch,34511.113086,recovery,gpu_batch,10.000000,10.000000,0,0,0.005000,0.040000,15649574912,7.778796,9.412344,9.412344,,,,9.412344,1.000000,0,0,0.000125,0,0,0,,,,30146,23690,6456,0,0,0,765
run-0011,gpu_batch,35010.680581,recovery,gpu_batch,10.000000,10.000000,0,0,0.004008,0.060000,15649574912,8.556676,9.412344,9.412344,,,,9.412344,1.000000,0,0,0.000086,0,0,0,,,,30151,23695,6456,0,0,0,765
run-0011,gpu_batch,35511.185837,recovery,gpu_batch,10.000000,10.000000,0,0,0.005000,0.050000,15649574912,9.412344,9.412344,9.412344,,,,9.412344,1.000000,0,0,0.000077,0,0,0,,,,30156,23700,6456,0,0,0,765
run-0011,gpu_batch,36011.201545,recovery,gpu_batch,10.000000,10.000000,0,0,0.004004,0.060000,15649574912,8.556676,9.412344,9.412344,,,,9.412344,1.000000,0,0,0.000114,0,0,0,,,,30161,23705,6456,0,0,0,765
run-0011,gpu_batch,36511.655370,recovery,gpu_batch,10.000000,10.000000,0,0,0.005000,0.060000,15649574912,9.412344,9.412344,9.412344,,,,9.412344,1.000000,0,0,0.000073,0,0,0,,,,30166,23710,6456,0,0,0,765
run-0011,gpu_batch,37012.392964,recovery,gpu_batch,10.000000,10.000000,0,0,0.005005,0.060000,15649574912,9.412344,10.353578,10.353578,,,,10.353578,1.000000,0,0,0.000087,0,0,0,,,,30171,23715,6456,0,0,0,765
run-0011,gpu_batch,37511.202727,recovery,gpu_batch,10.000000,10.000000,0,0,0.004008,0.060000,15649574912,9.412344,10.353578,10.353578,,,,10.353578,1.000000,0,0,0.000026,0,0,0,,,,30176,23720,6456,0,0,0,765
run-0011,gpu_batch,38012.495344,recovery,gpu_batch,10.000000,10.000000,0,0,0.006000,0.050000,15649574912,9.412344,12.527829,12.527829,,,,12.527829,1.000000,0,0,0.000083,0,0,0,,,,30181,23725,6456,0,0,0,765
run-0011,gpu_batch,38512.445101,recovery,gpu_batch,10.000000,10.000000,0,0,0.005005,0.050000,15649574912,10.353578,12.527829,12.527829,,,,12.527829,1.000000,0,0,0.000148,0,0,0,,,,30186,23730,6456,0,0,0,765
run-0011,gpu_batch,39013.382551,recovery,gpu_batch,10.000000,9.000000,0,1,0.007007,0.100000,15649574912,10.353578,15.158674,15.158674,,,,15.158674,1.000000,0,0,0.000035,0,0,0,,,,30191,23734,6456,0,0,0,765
run-0011,gpu_batch,39512.713731,recovery,gpu_batch,10.000000,9.000000,0,1,0.008000,0.100000,15649574912,15.158674,22.193814,22.193814,,,,22.193814,1.000000,0,0,0.000065,0,0,0,,,,30196,23739,6456,0,0,0,765
run-0011,gpu_batch,40003.383034,drained,gpu_batch,9.000000,9.000000,0,0,0.006129,0.100000,15649574912,15.158674,15.158674,15.158674,,,,15.158674,1.000000,0,0,0.221798,0,0,0,,,,30200,23744,6456,0,0,0,765
run-0013,gpu_immediate,0.835654,quiet,gpu_immediate,0.000000,0.000000,0,0,0.000000,0.120000,15649574912,,,,,,,,,0,0,0.000031,0,0,0,,,,0,0,0,0,0,0,0
run-0013,gpu_immediate,502.542392,quiet,gpu_immediate,5.000000,5.000000,0,0,0.001001,0.010000,15649574912,1.692893,5.313023,5.313023,,,5.313023,,1.000000,0,0,0.000114,0,0,0,,,,5,5,0,0,0,0,0
run-0013,gpu_immediate,1019.692099,quiet,gpu_immediate,10.000000,9.000000,0,1,0.007828,0.010000,15649574912,2.726421,12.527829,12.527829,,,12.527829,,1.000000,0,0,0.000049,0,0,0,,,,11,10,0,0,0,0,0
run-0013,gpu_immediate,1516.440780,quiet,gpu_immediate,10.000000,10.000000,0,0,0.001001,0.010000,15649574912,1.862182,20.176195,20.176195,,,20.176195,,1.000000,0,0,0.000082,0,0,0,,,,16,16,0,0,0,0,0
run-0013,gpu_immediate,2016.445250,quiet,gpu_immediate,10.000000,10.000000,0,0,0.000000,0.010000,15649574912,1.538993,2.253240,2.253240,,,2.253240,,1.000000,0,0,0.000035,0,0,0,,,,21,21,0,0,0,0,0
run-0013,gpu_immediate,2518.020853,quiet,gpu_immediate,10.000000,10.000000,0,0,0.002002,0.010000,15649574912,1.538993,3.298969,3.298969,,,3.298969,,1.000000,0,0,0.000117,0,0,0,,,,26,26,0,0,0,0,0
run-0013,gpu_immediate,3017.570479,quiet,gpu_immediate,10.000000,10.000000,0,0,0.006012,0.010000,15649574912,2.726421,9.412344,9.412344,,,9.412344,,1.000000,0,0,0.000098,0,0,0,,,,31,31,0,0,0,0,0
run-0013,gpu_immediate,3517.099964,quiet,gpu_immediate,10.000000,10.000000,0,0,0.001002,0.010000,15649574912,2.478564,9.412344,9.412344,,,9.412344,,1.000000,0,0,0.000110,0,0,0,,,,36,36,0,0,0,0,0
run-0013,gpu_immediate,4017.341020,quiet,gpu_immediate,10.000000,10.000000,0,0,0.000000,0.010000,15649574912,1.538993,2.478564,2.478564,,,2.478564,,1.000000,0,0,0.000036,0,0,0,,,,41,41,0,0,0,0,0
run-0013,gpu_immediate,4518.028187,quiet,gpu_immediate,10.000000,10.000000,0,0,0.000000,0.010000,15649574912,1.538993,2.726421,2.726421,,,2.726421,,1.000000,0,0,0.000132,0,0,0,,,,46,46,0,0,0,0,0
run-0013,gpu_immediate,5017.960129,quiet,gpu_immediate,10.000000,10.000000,0,0,0.003000,0.010000,15649574912,2.253240,3.298969,3.298969,,,3.298969,,1.000000,0,0,0.000120,0,0,0,,,,51,51,0,0,0,0,0
run-0013,gpu_immediate,5518.745070,quiet,gpu_immediate,10.000000,10.000000,0,0,0.004000,0.050000,15649574912,2.999063,6.428757,6.428757,,,6.428757,,1.000000,0,0,0.000117,0,0,0,,,,56,56,0,0,0,0,0
run-0013,gpu_immediate,6018.594063,quiet,gpu_immediate,10.000000,10.000000,0,0,0.004008,0.040000,15649574912,5.844325,6.428757,6.428757,,,6.428757,,1.000000,0,0,0.000236,0,0,0,,,,61,61,0,0,0,0,0
run-0013,gpu_immediate,6517.884124,quiet,gpu_immediate,10.000000,10.000000,0,0,0.006000,0.060000,15649574912,6.428757,7.778796,7.778796,,,7.778796,,1.000000,0,0,0.000040,0,0,0,,,,66,66,0,0,0,0,0
run-0013,gpu_immediate,7019.138584,quiet,gpu_immediate,10.000000,10.000000,0,0,0.005005,0.070000,15649574912,7.778796,11.388936,11.388936,,,11.388936,,1.000000,0,0,0.000168,0,0,0,,,,71,71,0,0,0,0,0
run-0013,gpu_immediate,7518.480299,quiet,gpu_immediate,10.000000,10.000000,0,0,0.006006,0.110000,15649574912,7.778796,12.527829,12.527829,,,12.527829,,1.000000,0,0,0.000037,0,0,0,,,,76,76,0,0,0,0,0
run-0013,gpu_immediate,8034.450591,quiet,gpu_immediate,10.000000,10.000000,0,0,0.007000,0.100000,15649574912,12.527829,13.780612,13.780612,,,13.780612,,1.000000,0,0,0.000044,0,0,0,,,,81,81,0,0,0,0,0
run-0013,gpu_immediate,8519.007805,quiet,gpu_immediate,10.000000,10.000000,0,0,0.007007,0.100000,15649574912,12.527829,13.780612,13.780612,,,13.780612,,1.000000,0,0,0.000027,0,0,0,,,,86,86,0,0,0,0,0
run-0013,gpu_immediate,9019.364380,quiet,gpu_immediate,10.000000,10.000000,0,0,0.008991,0.120000,15649574912,12.527829,15.158674,15.158674,,,15.158674,,1.000000,0,0,0.000044,0,0,0,,,,91,91,0,0,0,0,0
run-0013,gpu_immediate,9519.269648,quiet,gpu_immediate,10.000000,10.000000,0,0,0.008991,0.100000,15649574912,12.527829,15.158674,15.158674,,,15.158674,,1.000000,0,0,0.000043,0,0,0,,,,96,96,0,0,0,0,0
run-0013,gpu_immediate,10020.615683,burst,gpu_immediate,41.000000,10.000000,30,31,0.010978,0.110000,15649574912,12.527829,13.780612,13.780612,,,13.780612,,1.000000,0,0,0.000038,0,0,0,,,,132,101,0,0,0,0,0
run-0013,gpu_immediate,10518.372249,burst,gpu_immediate,804.000000,284.000000,519,520,0.055721,0.670000,15649574912,320.056850,352.062535,352.062535,,,352.062535,,1.000000,0,0,0.000037,0,0,0,,,,900,380,0,0,0,0,0
run-0013,gpu_immediate,11019.262517,burst,gpu_immediate,1408.000000,824.000000,705,706,0.054726,0.650000,15649574912,387.268788,468.595233,515.454757,,,468.595233,,1.000000,0,0,0.000025,0,0,0,,,,1636,930,0,0,0,0,0
run-0013,gpu_immediate,11519.501517,burst,gpu_immediate,1440.000000,1028.000000,929,930,0.053838,0.650000,15649574912,515.454757,623.700256,623.700256,,,623.700256,,1.000000,0,0,0.000033,0,0,0,,,,2404,1474,0,0,0,0,0
run-0013,gpu_immediate,12019.954529,burst,gpu_immediate,1408.000000,1026.000000,1010,1011,0.055721,0.650000,15649574912,623.700256,754.677309,754.677309,,,754.677309,,1.000000,0,0,0.000025,0,0,0,,,,3140,2019,110,0,0,0,0
run-0013,gpu_immediate,12518.695392,burst,gpu_immediate,1440.000000,1025.000000,1023,1024,0.052947,0.660000,15649574912,830.145040,913.159544,913.159544,,,913.159544,,1.000000,0,0,0.000031,0,0,0,,,,3908,2563,321,0,0,0,0
run-0013,gpu_immediate,13028.494987,burst,gpu_immediate,1408.000000,1024.000000,1013,1014,0.055666,0.660000,15649574912,913.159544,1004.475499,1004.475499,,,1004.475499,,1.000000,0,0,0.000026,0,0,0,,,,4644,3106,524,0,0,0,0
run-0013,gpu_immediate,13518.936191,burst,gpu_immediate,1408.000000,1025.000000,1004,1005,0.054781,0.660000,15649574912,1004.475499,1004.475499,1004.475499,,,1004.475499,,1.000000,0,0,0.000025,0,0,0,,,,5380,3651,724,0,0,0,0
run-0013,gpu_immediate,14019.440302,burst,gpu_immediate,1408.000000,1019.000000,1017,1018,0.055721,0.660000,15649574912,1004.475499,1004.475499,1004.475499,,,1004.475499,,1.000000,0,0,0.000024,0,0,0,,,,6148,4189,941,0,0,0,0
run-0013,gpu_immediate,14519.595673,burst,gpu_immediate,1408.000000,1012.000000,1006,1007,0.051000,0.650000,15649574912,1004.475499,1004.475499,1004.475499,,,1004.475499,,1.000000,0,0,0.000037,0,0,0,,,,6884,4725,1152,0,0,0,0
run-0013,gpu_immediate,15019.182142,burst,gpu_immediate,1408.000000,1009.000000,1019,1020,0.050100,0.660000,15649574912,1004.475499,1004.475499,1004.475499,,,1004.475499,,1.000000,0,0,0.000032,0,0,0,,,,7652,5262,1370,0,0,0,0
run-0013,gpu_immediate,15519.671761,burst,gpu_immediate,1408.000000,1021.000000,1008,1009,0.050949,0.660000,15649574912,1004.475499,1004.475499,1004.475499,,,1004.475499,,1.000000,0,0,0.000024,0,0,0,,,,8388,5807,1572,0,0,0,0
run-0013,gpu_immediate,16019.919228,burst,gpu_immediate,1440.000000,1007.000000,1021,1022,0.051948,0.630000,15649574912,1004.475499,1004.475499,1004.475499,,,1004.475499,,1.000000,0,0,0.000044,0,0,0,,,,9156,6333,1801,0,0,0,0
run-0013,gpu_immediate,16519.580417,burst,gpu_immediate,1408.000000,989.000000,1011,1012,0.050050,0.650000,15649574912,1004.475499,1004.475499,1004.475499,,,1004.475499,,1.000000,0,0,0.000026,0,0,0,,,,9892,6857,2023,0,0,0,0
run-0013,gpu_immediate,17019.930770,burst,gpu_immediate,1408.000000,987.000000,1003,1004,0.051948,0.640000,15649574912,1004.475499,1004.475499,1004.475499,,,1004.475499,,1.000000,0,0,0.000035,0,0,0,,,,10628,7379,2245,0,0,0,0
run-0013,gpu_immediate,17519.568788,burst,gpu_immediate,1408.000000,984.000000,1014,1015,0.051948,0.640000,15649574912,1004.475499,1004.475499,1004.475499,,,1004.475499,,1.000000,0,0,0.000026,0,0,0,,,,11396,7901,2480,0,0,0,0
run-0013,gpu_immediate,18019.749856,burst,gpu_immediate,1408.000000,978.000000,1005,1006,0.053838,0.640000,15649574912,1004.475499,1004.475499,1004.475499,,,1004.475499,,1.000000,0,0,0.000041,0,0,0,,,,12132,8418,2708,0,0,0,0
run-0013,gpu_immediate,18519.792266,burst,gpu_immediate,1408.000000,977.000000,1016,1017,0.053838,0.640000,15649574912,1004.475499,1004.475499,1004.475499,,,1004.475499,,1.000000,0,0,0.000032,0,0,0,,,,12900,8936,2947,0,0,0,0
run-0013,gpu_immediate,19020.728030,burst,gpu_immediate,1408.000000,977.000000,1007,1008,0.052841,0.640000,15649574912,1004.475499,1004.475499,1004.475499,,,1004.475499,,1.000000,0,0,0.000025,0,0,0,,,,13636,9455,3173,0,0,0,0
run-0013,gpu_immediate,19520.387008,burst,gpu_immediate,1440.000000,981.000000,1019,1020,0.051000,0.640000,15649574912,1004.475499,1004.475499,1004.475499,,,1004.475499,,1.000000,0,0,0.000025,0,0,0,,,,14404,9976,3408,0,0,0,0
run-0013,gpu_immediate,20030.703799,contention,gpu_immediate,1400.000000,967.000000,1020,1021,0.055833,0.650000,15649574912,1004.475499,1004.475499,1004.475499,,,1004.475499,,1.000000,0,0,0.000026,0,0,0,,,,15132,10481,3630,0,1,1,4
run-0013,gpu_immediate,20520.368097,contention,gpu_immediate,1432.000000,543.000000,1023,1024,0.123782,1.000000,15649574912,1004.475499,1336.956889,1470.652578,,,1336.956889,,1.000000,0,0,0.000040,0,0,0,,,,15900,10578,4298,0,1,1,100
run-0013,gpu_immediate,21020.533610,contention,gpu_immediate,1408.000000,182.000000,1021,1022,0.123782,1.000000,15649574912,1470.652578,1779.489619,1957.438581,,,1779.489619,,1.000000,0,0,0.000030,0,0,0,,,,16636,10675,4939,0,1,1,197
run-0013,gpu_immediate,21520.576744,contention,gpu_immediate,1440.000000,183.000000,1023,1024,0.108135,1.000000,15649574912,1957.438581,2368.500683,2368.500683,,,2368.500683,,1.000000,0,0,0.000039,0,0,0,,,,17404,10772,5608,0,1,1,294
run-0013,gpu_immediate,22020.936870,contention,gpu_immediate,1408.000000,183.000000,1021,1022,0.101000,1.000000,15649574912,2368.500683,2605.350752,2605.350752,,,2605.350752,,1.000000,0,0,0.000038,0,0,0,,,,18140,10869,6249,0,1,1,391
run-0013,gpu_immediate,22521.377498,contention,gpu_immediate,1440.000000,184.000000,1023,1024,0.102794,1.000000,15649574912,2865.885827,3152.474410,3152.474410,,,3152.474410,,1.000000,0,0,0.000047,0,0,0,,,,18908,10967,6917,0,1,1,489
run-0013,gpu_immediate,23020.896439,contention,gpu_immediate,1408.000000,184.000000,1022,1023,0.102794,1.000000,15649574912,3152.474410,3467.721851,3467.721851,,,3467.721851,,1.000000,0,0,0.000043,0,0,0,,,,19644,11064,7557,0,1,1,587
run-0013,gpu_immediate,23521.099884,contention,gpu_immediate,1408.000000,185.000000,1019,1020,0.101898,1.000000,15649574912,3467.721851,3814.494036,4195.943439,,,3814.494036,,1.000000,0,0,0.000052,0,0,0,,,,20380,11163,8197,0,1,1,685
run-0013,gpu_immediate,24021.591559,contention,gpu_immediate,1408.000000,186.000000,1022,1023,0.102794,1.000000,15649574912,4195.943439,4615.537783,4615.537783,,,4615.537783,,1.000000,0,0,0.000092,0,0,0,,,,21148,11261,8864,0,1,1,784
run-0013,gpu_immediate,24521.953403,contention,gpu_immediate,1408.000000,188.000000,1020,1021,0.103792,1.000000,15649574912,4615.537783,4615.537783,5077.091561,,,4615.537783,,1.000000,0,0,0.000076,0,0,0,,,,21884,11361,9502,0,1,1,883
run-0013,gpu_immediate,25021.902607,contention,gpu_immediate,1408.000000,188.000000,1022,1023,0.101898,1.000000,15649574912,5077.091561,5077.091561,5077.091561,,,5077.091561,,1.000000,0,0,0.000040,0,0,0,,,,22652,11460,10169,0,1,1,982
run-0013,gpu_immediate,25522.025298,contention,gpu_immediate,1408.000000,186.000000,1021,1022,0.104686,1.000000,15649574912,5077.091561,5584.800717,5584.800717,,,5584.800717,,1.000000,0,0,0.000069,0,0,0,,,,23388,11558,10808,0,1,1,1081
run-0013,gpu_immediate,26022.122309,contention,gpu_immediate,1440.000000,187.000000,1023,1024,0.102794,1.000000,15649574912,5584.800717,5584.800717,5584.800717,,,5584.800717,,1.000000,0,0,0.000064,0,0,0,,,,24156,11658,11474,0,1,1,1180
run-0013,gpu_immediate,26522.221807,contention,gpu_immediate,1408.000000,189.000000,1022,1023,0.102794,1.000000,15649574912,5584.800717,5584.800717,5584.800717,,,5584.800717,,1.000000,0,0,0.000145,0,0,0,,,,24892,11758,12111,0,1,1,1280
run-0013,gpu_immediate,27022.571568,contention,gpu_immediate,1440.000000,190.000000,1023,1024,0.104686,1.000000,15649574912,5584.800717,5584.800717,5584.800717,,,5584.800717,,1.000000,0,0,0.000079,0,0,0,,,,25660,11859,12777,0,1,1,1380
run-0013,gpu_immediate,27523.101682,contention,gpu_immediate,1408.000000,188.000000,1022,1023,0.103792,1.000000,15649574912,5584.800717,5584.800717,5584.800717,,,5584.800717,,1.000000,0,0,0.000078,0,0,0,,,,26396,11958,13415,0,1,1,1480
run-0013,gpu_immediate,28022.957947,contention,gpu_immediate,1408.000000,189.000000,1020,1021,0.102897,1.000000,15649574912,5584.800717,5584.800717,5584.800717,,,5584.800717,,1.000000,0,0,0.000081,0,0,0,,,,27132,12058,14053,0,1,1,1580
run-0013,gpu_immediate,28522.972558,contention,gpu_immediate,1408.000000,189.000000,1022,1023,0.104790,1.000000,15649574912,5584.800717,5584.800717,5584.800717,,,5584.800717,,1.000000,0,0,0.000064,0,0,0,,,,27900,12158,14719,0,1,1,1679
run-0013,gpu_immediate,29023.118973,contention,gpu_immediate,1408.000000,189.000000,1020,1021,0.101898,1.000000,15649574912,5584.800717,5584.800717,5584.800717,,,5584.800717,,1.000000,0,0,0.000077,0,0,0,,,,28636,12258,15357,0,1,1,1779
run-0013,gpu_immediate,29523.813956,contention,gpu_immediate,1440.000000,189.000000,1023,1024,0.102897,1.000000,15649574912,5584.800717,5584.800717,5584.800717,,,5584.800717,,1.000000,0,0,0.000130,0,0,0,,,,29404,12358,16022,0,1,1,1880
run-0013,gpu_immediate,30023.637234,recovery,gpu_immediate,1369.000000,200.000000,1006,1007,0.101000,1.000000,15649574912,5584.800717,5584.800717,5584.800717,,,5584.800717,,1.000000,0,0,0.000056,0,0,0,,,,30101,12469,16625,0,0,0,1976
run-0013,gpu_immediate,30523.252813,recovery,gpu_immediate,638.000000,517.000000,594,595,0.050100,0.530000,15649574912,4615.537783,5584.800717,5584.800717,,,5584.800717,,1.000000,0,0,0.000065,0,0,0,,,,30106,12886,16625,0,0,0,1976
run-0013,gpu_immediate,31023.073580,recovery,gpu_immediate,10.000000,893.000000,81,82,0.051000,0.620000,15649574912,3467.721851,5077.091561,5077.091561,,,5077.091561,,1.000000,0,0,0.000029,0,0,0,,,,30111,13404,16625,0,0,0,1976
run-0013,gpu_immediate,31524.183701,recovery,gpu_immediate,10.000000,551.000000,0,0,0.009009,0.010000,15649574912,2368.500683,3467.721851,3467.721851,,,3467.721851,,1.000000,0,0,0.000109,0,0,0,,,,30116,13491,16625,0,0,0,1976
run-0013,gpu_immediate,32024.897206,recovery,gpu_immediate,10.000000,35.000000,0,0,0.003003,0.010000,15649574912,830.145040,1215.415354,1215.415354,,,1215.415354,,1.000000,0,0,0.000135,0,0,0,,,,30121,13496,16625,0,0,0,1976
run-0013,gpu_immediate,32525.212707,recovery,gpu_immediate,10.000000,10.000000,0,0,0.002004,0.010000,15649574912,2.726421,12.527829,12.527829,,,12.527829,,1.000000,0,0,0.000173,0,0,0,,,,30126,13501,16625,0,0,0,1976
run-0013,gpu_immediate,33024.104012,recovery,gpu_immediate,10.000000,10.000000,0,0,0.004004,0.010000,15649574912,2.726421,4.390928,4.390928,,,4.390928,,1.000000,0,0,0.000160,0,0,0,,,,30131,13506,16625,0,0,0,1976
run-0013,gpu_immediate,33525.170836,recovery,gpu_immediate,10.000000,10.000000,0,0,0.003000,0.030000,15649574912,3.991753,5.844325,5.844325,,,5.844325,,1.000000,0,0,0.000134,0,0,0,,,,30136,13511,16625,0,0,0,1976
run-0013,gpu_immediate,34025.242602,recovery,gpu_immediate,10.000000,10.000000,0,0,0.003006,0.030000,15649574912,4.830021,6.428757,6.428757,,,6.428757,,1.000000,0,0,0.000139,0,0,0,,,,30141,13516,16625,0,0,0,1976
run-0013,gpu_immediate,34524.867180,recovery,gpu_immediate,10.000000,10.000000,0,0,0.003009,0.040000,15649574912,5.844325,7.071633,7.071633,,,7.071633,,1.000000,0,0,0.000089,0,0,0,,,,30146,13521,16625,0,0,0,1976
run-0013,gpu_immediate,35024.152585,recovery,gpu_immediate,10.000000,10.000000,0,0,0.002010,0.050000,15649574912,6.428757,7.071633,7.071633,,,7.071633,,1.000000,0,0,0.000030,0,0,0,,,,30151,13526,16625,0,0,0,1976
run-0013,gpu_immediate,35524.536117,recovery,gpu_immediate,10.000000,10.000000,0,0,0.004000,0.050000,15649574912,6.428757,7.071633,7.071633,,,7.071633,,1.000000,0,0,0.000053,0,0,0,,,,30156,13531,16625,0,0,0,1976
run-0013,gpu_immediate,36025.173116,recovery,gpu_immediate,10.000000,10.000000,0,0,0.003006,0.050000,15649574912,7.071633,7.778796,7.778796,,,7.778796,,1.000000,0,0,0.000086,0,0,0,,,,30161,13536,16625,0,0,0,1976
run-0013,gpu_immediate,36525.775917,recovery,gpu_immediate,10.000000,10.000000,0,0,0.005000,0.050000,15649574912,7.071633,7.778796,7.778796,,,7.778796,,1.000000,0,0,0.000108,0,0,0,,,,30166,13541,16625,0,0,0,1976
run-0013,gpu_immediate,37025.250624,recovery,gpu_immediate,10.000000,10.000000,0,0,0.004012,0.060000,15649574912,7.071633,11.388936,11.388936,,,11.388936,,1.000000,0,0,0.000083,0,0,0,,,,30171,13546,16625,0,0,0,1976
run-0013,gpu_immediate,37526.711792,recovery,gpu_immediate,10.000000,10.000000,0,0,0.005005,0.060000,15649574912,7.778796,11.388936,11.388936,,,11.388936,,1.000000,0,0,0.000061,0,0,0,,,,30176,13551,16625,0,0,0,1976
run-0013,gpu_immediate,38025.832218,recovery,gpu_immediate,10.000000,10.000000,0,0,0.003006,0.060000,15649574912,7.778796,7.778796,7.778796,,,7.778796,,1.000000,0,0,0.000081,0,0,0,,,,30181,13556,16625,0,0,0,1976
run-0013,gpu_immediate,38525.390041,recovery,gpu_immediate,10.000000,10.000000,0,0,0.006006,0.060000,15649574912,7.071633,13.780612,13.780612,,,13.780612,,1.000000,0,0,0.000054,0,0,0,,,,30186,13561,16625,0,0,0,1976
run-0013,gpu_immediate,39025.307731,recovery,gpu_immediate,10.000000,10.000000,0,0,0.006006,0.090000,15649574912,11.388936,13.780612,13.780612,,,13.780612,,1.000000,0,0,0.000039,0,0,0,,,,30191,13566,16625,0,0,0,1976
run-0013,gpu_immediate,39525.937386,recovery,gpu_immediate,10.000000,10.000000,0,0,0.008000,0.090000,15649574912,12.527829,15.158674,15.158674,,,15.158674,,1.000000,0,0,0.000063,0,0,0,,,,30196,13571,16625,0,0,0,1976
run-0013,gpu_immediate,40008.922817,drained,gpu_immediate,9.000000,9.000000,0,0,0.005247,0.110000,15649574912,12.527829,15.158674,15.158674,,,15.158674,,1.000000,0,0,0.174112,0,0,0,,,,30200,13575,16625,0,0,0,1976
run-0038,cpu_latency,0.491495,quiet,cpu_latency,0.000000,0.000000,0,0,0.000000,0.090000,15670874112,,,,,,,,,0,0,0.000024,0,0,0,,,,0,0,0,0,0,0,0
run-0038,cpu_latency,502.156395,quiet,cpu_latency,5.000000,5.000000,0,0,0.005010,0.000000,15670874112,10.353578,15.158674,15.158674,,15.158674,,,,0,0,0.000135,0,0,0,,,,5,5,0,0,0,0,0
run-0038,cpu_latency,1002.154599,quiet,cpu_latency,9.000000,9.000000,0,0,0.006006,0.000000,15670874112,11.388936,15.158674,15.158674,,15.158674,,,,0,0,0.000131,0,0,0,,,,10,10,0,0,0,0,0
run-0038,cpu_latency,1501.994809,quiet,cpu_latency,10.000000,9.000000,0,0,0.007000,0.000000,15670874112,11.388936,12.527829,12.527829,,12.527829,,,,0,0,0.000127,0,0,0,,,,16,15,0,0,0,0,0
run-0038,cpu_latency,2002.000201,quiet,cpu_latency,10.000000,9.000000,0,0,0.008008,0.000000,15670874112,12.527829,15.158674,15.158674,,15.158674,,,,0,0,0.000130,0,0,0,,,,21,20,0,0,0,0,0
run-0038,cpu_latency,2501.637661,quiet,cpu_latency,10.000000,9.000000,0,0,0.005010,0.000000,15670874112,12.527829,15.158674,15.158674,,15.158674,,,,0,0,0.000034,0,0,0,,,,26,25,0,0,0,0,0
run-0038,cpu_latency,3003.601404,quiet,cpu_latency,10.000000,9.000000,0,0,0.005988,0.000000,15670874112,11.388936,13.780612,13.780612,,13.780612,,,,0,0,0.000084,0,0,0,,,,31,30,0,0,0,0,0
run-0038,cpu_latency,3503.311864,quiet,cpu_latency,10.000000,9.000000,0,0,0.006012,0.000000,15670874112,13.780612,15.158674,15.158674,,15.158674,,,,0,0,0.000105,0,0,0,,,,36,35,0,0,0,0,0
run-0038,cpu_latency,4003.782560,quiet,cpu_latency,10.000000,9.000000,0,0,0.007007,0.000000,15670874112,13.780612,15.158674,15.158674,,15.158674,,,,0,0,0.000137,0,0,0,,,,41,40,0,0,0,0,0
run-0038,cpu_latency,4503.809419,quiet,cpu_latency,10.000000,9.000000,0,0,0.005005,0.000000,15670874112,11.388936,15.158674,15.158674,,15.158674,,,,0,0,0.000108,0,0,0,,,,46,45,0,0,0,0,0
run-0038,cpu_latency,5005.473456,quiet,cpu_latency,10.000000,9.000000,0,0,0.007007,0.000000,15670874112,11.388936,13.780612,13.780612,,13.780612,,,,0,0,0.000140,0,0,0,,,,51,50,0,0,0,0,0
run-0038,cpu_latency,5504.591949,quiet,cpu_latency,10.000000,9.000000,0,0,0.008982,0.000000,15670874112,11.388936,15.158674,15.158674,,15.158674,,,,0,0,0.000119,0,0,0,,,,56,55,0,0,0,0,0
run-0038,cpu_latency,6004.981696,quiet,cpu_latency,10.000000,9.000000,0,0,0.007014,0.010000,15670874112,12.527829,15.158674,15.158674,,15.158674,,,,0,0,0.000093,0,0,0,,,,61,60,0,0,0,0,0
run-0038,cpu_latency,6506.948445,quiet,cpu_latency,10.000000,9.000000,0,0,0.006979,0.000000,15670874112,13.780612,16.674541,16.674541,,16.674541,,,,0,0,0.000064,0,0,0,,,,66,65,0,0,0,0,0
run-0038,cpu_latency,7006.855090,quiet,cpu_latency,10.000000,9.000000,0,0,0.005005,0.010000,15670874112,10.353578,16.674541,16.674541,,16.674541,,,,0,0,0.000035,0,0,0,,,,71,70,0,0,0,0,0
run-0038,cpu_latency,7507.729674,quiet,cpu_latency,10.000000,9.000000,0,0,0.005010,0.000000,15670874112,10.353578,15.158674,15.158674,,15.158674,,,,0,0,0.000089,0,0,0,,,,76,75,0,0,0,0,0
run-0038,cpu_latency,8009.615564,quiet,cpu_latency,10.000000,9.000000,0,0,0.007007,0.000000,15670874112,12.527829,15.158674,15.158674,,15.158674,,,,0,0,0.000048,0,0,0,,,,81,80,0,0,0,0,0
run-0038,cpu_latency,8507.591441,quiet,cpu_latency,10.000000,9.000000,0,0,0.005005,0.000000,15670874112,9.412344,13.780612,13.780612,,13.780612,,,,0,0,0.000064,0,0,0,,,,86,85,0,0,0,0,0
run-0038,cpu_latency,9008.423350,quiet,cpu_latency,10.000000,9.000000,0,0,0.006000,0.000000,15670874112,9.412344,15.158674,15.158674,,15.158674,,,,0,0,0.000040,0,0,0,,,,91,90,0,0,0,0,0
run-0038,cpu_latency,9508.250538,quiet,cpu_latency,10.000000,9.000000,0,0,0.006012,0.000000,15670874112,12.527829,15.158674,15.158674,,15.158674,,,,0,0,0.000042,0,0,0,,,,96,95,0,0,0,0,0
run-0038,cpu_latency,10011.508304,burst,cpu_latency,41.000000,9.000000,30,0,0.008973,0.000000,15670874112,13.780612,16.674541,16.674541,,16.674541,,,,0,0,0.000035,0,0,0,,,,132,100,0,0,0,0,0
run-0038,cpu_latency,10509.170290,burst,cpu_latency,772.000000,120.000000,650,0,0.101101,0.010000,15670874112,240.463448,425.995667,468.595233,,425.995667,,,,0,0,0.000176,0,0,0,,,,868,216,0,0,0,0,0
run-0038,cpu_latency,11009.471632,burst,cpu_latency,1408.000000,218.000000,1024,0,0.102102,0.010000,15670874112,515.454757,830.145040,913.159544,,830.145040,,,,0,0,0.000039,0,0,0,,,,1636,334,276,0,0,0,0
run-0038,cpu_latency,11509.423537,burst,cpu_latency,1408.000000,227.000000,1020,0,0.102794,0.010000,15670874112,913.159544,1336.956889,1336.956889,,1336.956889,,,,0,0,0.000043,0,0,0,,,,2372,459,891,0,0,0,0
run-0038,cpu_latency,12009.698800,burst,cpu_latency,1408.000000,236.000000,1023,0,0.102000,0.000000,15670874112,1336.956889,1779.489619,1779.489619,,1779.489619,,,,0,0,0.000039,0,0,0,,,,3140,586,1529,0,0,0,0
run-0038,cpu_latency,12509.694095,burst,cpu_latency,1408.000000,234.000000,1021,0,0.100200,0.000000,15670874112,1779.489619,2153.182439,2153.182439,,2153.182439,,,,0,0,0.000042,0,0,0,,,,3876,711,2142,0,0,0,0
run-0038,cpu_latency,13009.852779,burst,cpu_latency,1408.000000,235.000000,1024,0,0.101898,0.000000,15670874112,2153.182439,2605.350752,2605.350752,,2605.350752,,,,0,0,0.000075,0,0,0,,,,4644,837,2781,0,0,0,0
run-0038,cpu_latency,13509.820339,burst,cpu_latency,1408.000000,234.000000,1021,0,0.102897,0.000000,15670874112,2605.350752,3152.474410,3152.474410,,3152.474410,,,,0,0,0.000034,0,0,0,,,,5380,962,3395,0,0,0,0
run-0038,cpu_latency,14010.145208,burst,cpu_latency,1376.000000,235.000000,1019,0,0.102897,0.000000,15670874112,3152.474410,3467.721851,3467.721851,,3467.721851,,,,0,0,0.000037,0,0,0,,,,6116,1088,4007,0,0,0,0
run-0038,cpu_latency,14510.145596,burst,cpu_latency,1408.000000,234.000000,1022,0,0.101101,0.000000,15670874112,3467.721851,3814.494036,3814.494036,,3814.494036,,,,0,0,0.000038,0,0,0,,,,6884,1212,4648,0,0,0,0
run-0038,cpu_latency,15010.330752,burst,cpu_latency,1408.000000,232.000000,1020,0,0.101898,0.000000,15670874112,3814.494036,4195.943439,4195.943439,,4195.943439,,,,0,0,0.000103,0,0,0,,,,7620,1336,5262,0,0,0,0
run-0038,cpu_latency,15510.528404,burst,cpu_latency,1408.000000,234.000000,1022,0,0.103896,0.000000,15670874112,4195.943439,4195.943439,4195.943439,,4195.943439,,,,0,0,0.000124,0,0,0,,,,8388,1462,5902,0,0,0,0
run-0038,cpu_latency,16010.666960,burst,cpu_latency,1408.000000,235.000000,1021,0,0.103689,0.010000,15670874112,4195.943439,4195.943439,4195.943439,,4195.943439,,,,0,0,0.000040,0,0,0,,,,9124,1587,6514,0,0,0,0
run-0038,cpu_latency,16510.979656,burst,cpu_latency,1408.000000,237.000000,1023,0,0.101101,0.010000,15670874112,4195.943439,4195.943439,4195.943439,,4195.943439,,,,0,0,0.000036,0,0,0,,,,9892,1713,7154,0,0,0,0
run-0038,cpu_latency,17011.386824,burst,cpu_latency,1408.000000,235.000000,1021,0,0.103792,0.010000,15670874112,4195.943439,4195.943439,4195.943439,,4195.943439,,,,0,0,0.000040,0,0,0,,,,10628,1838,7767,0,0,0,0
run-0038,cpu_latency,17511.032679,burst,cpu_latency,1408.000000,233.000000,1024,0,0.101101,0.010000,15670874112,4195.943439,4195.943439,4195.943439,,4195.943439,,,,0,0,0.000113,0,0,0,,,,11396,1962,8408,0,0,0,0
run-0038,cpu_latency,18011.099733,burst,cpu_latency,1408.000000,236.000000,1021,0,0.102000,0.000000,15670874112,4195.943439,4195.943439,4195.943439,,4195.943439,,,,0,0,0.000036,0,0,0,,,,12132,2090,9019,0,0,0,0
run-0038,cpu_latency,18511.251183,burst,cpu_latency,1376.000000,235.000000,1019,0,0.101898,0.010000,15670874112,4195.943439,4195.943439,4195.943439,,4195.943439,,,,0,0,0.000039,0,0,0,,,,12868,2215,9632,0,0,0,0
run-0038,cpu_latency,19011.344627,burst,cpu_latency,1408.000000,233.000000,1022,0,0.101101,0.000000,15670874112,4195.943439,4195.943439,4195.943439,,4195.943439,,,,0,0,0.000104,0,0,0,,,,13636,2339,10273,0,0,0,0
run-0038,cpu_latency,19511.238547,burst,cpu_latency,1408.000000,233.000000,1019,0,0.102000,0.000000,15670874112,4195.943439,4195.943439,4195.943439,,4195.943439,,,,0,0,0.000035,0,0,0,,,,14372,2464,10887,0,0,0,0
run-0038,cpu_latency,20011.159538,contention,cpu_latency,1400.000000,233.000000,1022,0,0.103792,0.000000,15670874112,4195.943439,4195.943439,4195.943439,,4195.943439,,,,0,0,0.000038,0,0,0,,,,15132,2588,11520,0,1,1,0
run-0038,cpu_latency,20512.222351,contention,cpu_latency,1400.000000,234.000000,1020,0,0.150301,0.970000,15670874112,4195.943439,4195.943439,4195.943439,,4195.943439,,,,0,0,0.000041,0,0,0,,,,15868,2713,12133,0,1,1,54
run-0038,cpu_latency,21012.150503,contention,cpu_latency,1408.000000,233.000000,1022,0,0.152695,0.960000,15670874112,4195.943439,4195.943439,4195.943439,,4195.943439,,,,0,0,0.000037,0,0,0,,,,16636,2837,12775,0,1,1,162
run-0038,cpu_latency,21511.690244,contention,cpu_latency,1408.000000,231.000000,1020,0,0.152000,0.960000,15670874112,4195.943439,4195.943439,4195.943439,,4195.943439,,,,0,0,0.000040,0,0,0,,,,17372,2960,13390,0,1,1,268
run-0038,cpu_latency,22012.353934,contention,cpu_latency,1408.000000,231.000000,1022,0,0.151151,0.960000,15670874112,4195.943439,4195.943439,4195.943439,,4195.943439,,,,0,0,0.000098,0,0,0,,,,18140,3084,14032,0,1,1,374
run-0038,cpu_latency,22512.029495,contention,cpu_latency,1408.000000,232.000000,1020,0,0.151151,0.970000,15670874112,4195.943439,4195.943439,4195.943439,,4195.943439,,,,0,0,0.000100,0,0,0,,,,18876,3208,14646,0,1,1,480
run-0038,cpu_latency,23012.538386,contention,cpu_latency,1408.000000,232.000000,1024,0,0.152000,0.960000,15670874112,4195.943439,4195.943439,4195.943439,,4195.943439,,,,0,0,0.000038,0,0,0,,,,19644,3330,15288,0,1,1,587
run-0038,cpu_latency,23512.820665,contention,cpu_latency,1408.000000,230.000000,1021,0,0.150150,0.960000,15670874112,4195.943439,4195.943439,4195.943439,,4195.943439,,,,0,0,0.000106,0,0,0,,,,20380,3453,15904,0,1,1,693
run-0038,cpu_latency,24013.486225,contention,cpu_latency,1408.000000,230.000000,1024,0,0.152847,0.960000,15670874112,4195.943439,4195.943439,4195.943439,,4195.943439,,,,0,0,0.000037,0,0,0,,,,21148,3576,16546,0,1,1,799
run-0038,cpu_latency,24513.698266,contention,cpu_latency,1408.000000,233.000000,1020,0,0.150301,0.960000,15670874112,4195.943439,4195.943439,4195.943439,,4195.943439,,,,0,0,0.000026,0,0,0,,,,21884,3701,17161,0,1,1,905
run-0038,cpu_latency,25012.794854,contention,cpu_latency,1408.000000,230.000000,1018,0,0.152847,0.930000,15670874112,4195.943439,4195.943439,4195.943439,,4195.943439,,,,0,0,0.000126,0,0,0,,,,22620,3822,17778,0,1,1,1010
run-0038,cpu_latency,25513.190956,contention,cpu_latency,1408.000000,229.000000,1022,0,0.152847,0.960000,15670874112,4195.943439,4195.943439,4195.943439,,4195.943439,,,,0,0,0.000042,0,0,0,,,,23388,3944,18420,0,1,1,1116
run-0038,cpu_latency,26013.602253,contention,cpu_latency,1408.000000,236.000000,1020,0,0.151151,0.960000,15670874112,4195.943439,4195.943439,4195.943439,,4195.943439,,,,0,0,0.000108,0,0,0,,,,24124,4072,19030,0,1,1,1225
run-0038,cpu_latency,26513.175924,contention,cpu_latency,1408.000000,239.000000,1022,0,0.152695,0.970000,15670874112,4195.943439,4195.943439,4195.943439,,4195.943439,,,,0,0,0.000057,0,0,0,,,,24892,4199,19669,0,1,1,1334
run-0038,cpu_latency,27013.447540,contention,cpu_latency,1408.000000,237.000000,1022,0,0.152152,0.970000,15670874112,4195.943439,4195.943439,4195.943439,,4195.943439,,,,0,0,0.000218,0,0,0,,,,25628,4325,20279,0,1,1,1444
run-0038,cpu_latency,27513.554225,contention,cpu_latency,1408.000000,238.000000,1022,0,0.152000,0.960000,15670874112,4195.943439,4195.943439,4195.943439,,4195.943439,,,,0,0,0.000041,0,0,0,,,,26396,4453,20919,0,1,1,1552
run-0038,cpu_latency,28013.606507,contention,cpu_latency,1408.000000,237.000000,1022,0,0.151151,0.970000,15670874112,4195.943439,4195.943439,4195.943439,,4195.943439,,,,0,0,0.000040,0,0,0,,,,27132,4578,21530,0,1,1,1660
run-0038,cpu_latency,28513.615010,contention,cpu_latency,1408.000000,238.000000,1024,0,0.151848,0.970000,15670874112,4195.943439,4195.943439,4195.943439,,4195.943439,,,,0,0,0.000038,0,0,0,,,,27900,4705,22169,0,1,1,1769
run-0038,cpu_latency,29013.767082,contention,cpu_latency,1408.000000,237.000000,1022,0,0.152000,0.960000,15670874112,4195.943439,4195.943439,4195.943439,,4195.943439,,,,0,0,0.000163,0,0,0,,,,28636,4831,22781,0,1,1,1877
run-0038,cpu_latency,29514.245156,contention,cpu_latency,1408.000000,237.000000,1019,0,0.150301,0.960000,15670874112,4195.943439,4195.943439,4195.943439,,4195.943439,,,,0,0,0.000038,0,0,0,,,,29372,4958,23393,0,1,1,1984
run-0038,cpu_latency,30014.166989,recovery,cpu_latency,1369.000000,237.000000,1017,0,0.150150,0.950000,15670874112,4195.943439,4195.943439,4195.943439,,4195.943439,,,,0,0,0.000047,0,0,0,,,,30101,5084,23998,0,0,0,2089
run-0038,cpu_latency,30514.118477,recovery,cpu_latency,638.000000,235.000000,897,0,0.101101,0.000000,15670874112,4195.943439,4195.943439,4195.943439,,4195.943439,,,,0,0,0.000028,0,0,0,,,,30106,5209,23998,0,0,0,2089
run-0038,cpu_latency,31014.786035,recovery,cpu_latency,10.000000,236.000000,775,0,0.102000,0.000000,15670874112,4195.943439,4195.943439,4195.943439,,4195.943439,,,,0,0,0.000055,0,0,0,,,,30111,5336,23998,0,0,0,2089
run-0038,cpu_latency,31514.756252,recovery,cpu_latency,10.000000,237.000000,654,0,0.102794,0.000000,15670874112,4195.943439,4195.943439,4195.943439,,4195.943439,,,,0,0,0.000039,0,0,0,,,,30116,5462,23998,0,0,0,2089
run-0038,cpu_latency,32015.045646,recovery,cpu_latency,10.000000,237.000000,533,0,0.101000,0.000000,15670874112,4195.943439,4195.943439,4195.943439,,4195.943439,,,,0,0,0.000048,0,0,0,,,,30121,5588,23998,0,0,0,2089
run-0038,cpu_latency,32515.721110,recovery,cpu_latency,10.000000,230.000000,418,0,0.100200,0.000000,15670874112,4195.943439,4195.943439,4195.943439,,4195.943439,,,,0,0,0.000028,0,0,0,,,,30126,5708,23998,0,0,0,2089
run-0038,cpu_latency,33015.399041,recovery,cpu_latency,10.000000,234.000000,295,0,0.102000,0.000000,15670874112,4195.943439,4195.943439,4195.943439,,4195.943439,,,,0,0,0.000108,0,0,0,,,,30131,5836,23998,0,0,0,2089
run-0038,cpu_latency,33515.272307,recovery,cpu_latency,10.000000,239.000000,175,0,0.100100,0.000000,15670874112,4195.943439,4195.943439,4195.943439,,4195.943439,,,,0,0,0.000044,0,0,0,,,,30136,5961,23998,0,0,0,2089
run-0038,cpu_latency,34015.774142,recovery,cpu_latency,10.000000,239.000000,52,0,0.102000,0.000000,15670874112,4195.943439,4195.943439,4195.943439,,4195.943439,,,,0,0,0.000042,0,0,0,,,,30141,6089,23998,0,0,0,2089
run-0038,cpu_latency,34515.878308,recovery,cpu_latency,10.000000,172.000000,0,0,0.048000,0.000000,15670874112,4195.943439,4195.943439,4195.943439,,4195.943439,,,,0,0,0.000042,0,0,0,,,,30146,6148,23998,0,0,0,2089
run-0038,cpu_latency,35016.649248,recovery,cpu_latency,10.000000,50.000000,0,0,0.006006,0.000000,15670874112,1617.717836,3814.494036,4195.943439,,3814.494036,,,,0,0,0.000048,0,0,0,,,,30151,6153,23998,0,0,0,2089
run-0038,cpu_latency,35518.562667,recovery,cpu_latency,10.000000,10.000000,0,0,0.006012,0.010000,15670874112,11.388936,13.780612,13.780612,,13.780612,,,,0,0,0.000036,0,0,0,,,,30156,6158,23998,0,0,0,2089
run-0038,cpu_latency,36016.738803,recovery,cpu_latency,10.000000,10.000000,0,0,0.006006,0.010000,15670874112,11.388936,15.158674,15.158674,,15.158674,,,,0,0,0.000052,0,0,0,,,,30161,6163,23998,0,0,0,2089
run-0038,cpu_latency,36516.526899,recovery,cpu_latency,10.000000,10.000000,0,0,0.006006,0.010000,15670874112,13.780612,15.158674,15.158674,,15.158674,,,,0,0,0.000023,0,0,0,,,,30166,6168,23998,0,0,0,2089
run-0038,cpu_latency,37017.333960,recovery,cpu_latency,10.000000,10.000000,0,0,0.005015,0.010000,15670874112,11.388936,16.674541,16.674541,,16.674541,,,,0,0,0.000077,0,0,0,,,,30171,6173,23998,0,0,0,2089
run-0038,cpu_latency,37517.642286,recovery,cpu_latency,10.000000,10.000000,0,0,0.005010,0.000000,15670874112,11.388936,16.674541,16.674541,,16.674541,,,,0,0,0.000043,0,0,0,,,,30176,6178,23998,0,0,0,2089
run-0038,cpu_latency,38017.372350,recovery,cpu_latency,10.000000,10.000000,0,0,0.006012,0.010000,15670874112,12.527829,15.158674,15.158674,,15.158674,,,,0,0,0.000036,0,0,0,,,,30181,6183,23998,0,0,0,2089
run-0038,cpu_latency,38518.246239,recovery,cpu_latency,10.000000,10.000000,0,0,0.008000,0.000000,15670874112,13.780612,16.674541,16.674541,,16.674541,,,,0,0,0.000046,0,0,0,,,,30186,6188,23998,0,0,0,2089
run-0038,cpu_latency,39017.916848,recovery,cpu_latency,10.000000,10.000000,0,0,0.008008,0.000000,15670874112,13.780612,16.674541,16.674541,,16.674541,,,,0,0,0.000041,0,0,0,,,,30191,6193,23998,0,0,0,2089
run-0038,cpu_latency,39518.402078,recovery,cpu_latency,10.000000,10.000000,0,0,0.005010,0.000000,15670874112,12.527829,15.158674,15.158674,,15.158674,,,,0,0,0.000068,0,0,0,,,,30196,6198,23998,0,0,0,2089
run-0038,cpu_latency,40004.148303,drained,cpu_latency,9.000000,9.000000,0,0,0.007224,0.000000,15670874112,13.780612,15.158674,15.158674,,15.158674,,,,0,0,0.373142,0,0,0,,,,30200,6202,23998,0,0,0,2089
run-0048,heuristic,0.014507,quiet,cpu_latency,0.000000,0.000000,0,0,,0.120000,15678017536,,,,,,,,,0,0,0.096614,0,0,0,,,,0,0,0,0,0,0,0
run-0048,heuristic,500.309202,quiet,cpu_latency,5.000000,5.000000,0,0,0.008973,0.000000,15678017536,10.353578,12.527829,12.527829,,12.527829,,,,0,0,16.660186,0,0,0,,,,5,5,0,0,0,0,0
run-0048,heuristic,1000.410377,quiet,cpu_latency,9.000000,9.000000,0,0,0.008991,0.000000,15678017536,11.388936,15.158674,15.158674,,15.158674,,,,0,0,16.710132,0,0,0,,,,11,10,0,0,0,0,0
run-0048,heuristic,1500.629740,quiet,cpu_latency,9.000000,9.000000,0,0,0.008982,0.000000,15678017536,11.388936,15.158674,15.158674,,15.158674,,,,0,0,16.146549,0,0,0,,,,16,15,0,0,0,0,0
run-0048,heuristic,2000.808928,quiet,cpu_latency,9.000000,9.000000,0,0,0.004008,0.000000,15678017536,10.353578,15.158674,15.158674,,15.158674,,,,0,0,17.035592,0,0,0,,,,21,20,0,0,0,0,0
run-0048,heuristic,2501.045844,quiet,cpu_latency,9.000000,9.000000,0,0,0.006000,0.000000,15678017536,8.556676,16.674541,16.674541,,16.674541,,,,0,0,16.103178,0,0,0,,,,26,25,0,0,0,0,0
run-0048,heuristic,3001.391452,quiet,cpu_latency,9.000000,9.000000,0,0,0.005000,0.000000,15678017536,8.556676,16.674541,16.674541,,16.674541,,,,0,0,15.106467,0,0,0,,,,31,30,0,0,0,0,0
run-0048,heuristic,3501.523083,quiet,cpu_latency,9.000000,9.000000,0,0,0.009000,0.000000,15678017536,11.388936,16.674541,16.674541,,16.674541,,,,0,0,16.278313,0,0,0,,,,36,35,0,0,0,0,0
run-0048,heuristic,4001.538773,quiet,cpu_latency,9.000000,9.000000,0,0,0.005010,0.000000,15678017536,12.527829,16.674541,16.674541,,16.674541,,,,0,0,15.723179,0,0,0,,,,41,40,0,0,0,0,0
run-0048,heuristic,4501.652947,quiet,cpu_latency,9.000000,9.000000,0,0,0.009970,0.000000,15678017536,12.527829,16.674541,16.674541,,16.674541,,,,0,0,15.169837,0,0,0,,,,46,45,0,0,0,0,0
run-0048,heuristic,5001.779960,quiet,cpu_latency,9.000000,9.000000,0,0,0.006012,0.000000,15678017536,11.388936,15.158674,15.158674,,15.158674,,,,0,0,15.920743,0,0,0,,,,51,50,0,0,0,0,0
run-0048,heuristic,5501.886220,quiet,cpu_latency,9.000000,9.000000,0,0,0.007992,0.000000,15678017536,11.388936,18.341995,18.341995,,18.341995,,,,0,0,15.317771,0,0,0,,,,56,55,0,0,0,0,0
run-0048,heuristic,6005.896599,quiet,cpu_latency,9.000000,9.000000,0,0,0.007007,0.000000,15678017536,13.780612,18.341995,18.341995,,18.341995,,,,0,0,18.191458,0,0,0,,,,61,60,0,0,0,0,0
run-0048,heuristic,6506.090214,quiet,cpu_latency,9.000000,9.000000,0,0,0.008000,0.000000,15678017536,12.527829,15.158674,15.158674,,15.158674,,,,0,0,17.953265,0,0,0,,,,66,65,0,0,0,0,0
run-0048,heuristic,7006.253217,quiet,cpu_latency,9.000000,9.000000,0,0,0.007992,0.000000,15678017536,11.388936,15.158674,15.158674,,15.158674,,,,0,0,18.545047,0,0,0,,,,71,70,0,0,0,0,0
run-0048,heuristic,7506.492639,quiet,cpu_latency,9.000000,9.000000,0,0,0.007007,0.000000,15678017536,12.527829,16.674541,16.674541,,16.674541,,,,0,0,17.204269,0,0,0,,,,76,75,0,0,0,0,0
run-0048,heuristic,8006.573760,quiet,cpu_latency,9.000000,9.000000,0,0,0.007984,0.000000,15678017536,13.780612,16.674541,16.674541,,16.674541,,,,0,0,16.899946,0,0,0,,,,81,80,0,0,0,0,0
run-0048,heuristic,8506.829056,quiet,cpu_latency,9.000000,9.000000,0,0,0.006000,0.000000,15678017536,10.353578,15.158674,15.158674,,15.158674,,,,0,0,16.323515,0,0,0,,,,86,85,0,0,0,0,0
run-0048,heuristic,9007.010415,quiet,cpu_latency,9.000000,9.000000,0,0,0.005988,0.010000,15678017536,12.527829,15.158674,15.158674,,15.158674,,,,0,0,14.705951,0,0,0,,,,91,90,0,0,0,0,0
run-0048,heuristic,9507.226626,quiet,cpu_latency,9.000000,9.000000,0,0,0.007007,0.000000,15678017536,12.527829,16.674541,16.674541,,16.674541,,,,0,0,14.689010,0,0,0,,,,96,95,0,0,0,0,0
run-0048,heuristic,10007.395963,burst,cpu_latency,9.000000,9.000000,0,0,0.006012,0.010000,15678017536,13.780612,16.674541,16.674541,,16.674541,,,,0,0,15.062683,0,0,0,,,,132,100,0,0,0,0,0
run-0048,heuristic,10507.614026,burst,gpu_batch,740.000000,118.000000,620,0,0.100000,0.010000,15678017536,240.463448,425.995667,425.995667,,425.995667,,,,1,0,16.424820,0,0,0,,,,868,218,0,0,0,0,0
run-0048,heuristic,11007.680802,burst,balanced,1408.000000,353.000000,989,492,0.149000,0.970000,15678017536,425.995667,830.145040,830.145040,,830.145040,,425.995667,32.000000,2,0,16.448401,0,0,0,,,,1636,469,116,0,0,0,0
run-0048,heuristic,11507.750357,burst,gpu_batch,1376.000000,939.000000,999,249,0.164343,0.700000,15678017536,468.595233,1104.923049,1336.956889,,1336.956889,425.995667,515.454757,6.405405,3,0,13.942800,0,0,0,,,,2372,1189,174,0,0,0,0
run-0048,heuristic,12007.830747,burst,gpu_batch,1408.000000,1294.000000,1005,392,0.167164,0.750000,15678017536,425.995667,1470.652578,1779.489619,,1779.489619,425.995667,515.454757,2.843085,3,0,11.266824,0,0,0,,,,3140,1873,230,0,0,0,0
run-0048,heuristic,12507.907583,burst,gpu_batch,1376.000000,1317.000000,992,503,0.160121,0.810000,15678017536,320.056850,1957.438581,2153.182439,,2153.182439,352.062535,352.062535,4.927602,3,0,11.182905,0,0,0,,,,3876,2607,247,0,0,0,0
run-0048,heuristic,13007.979775,burst,gpu_batch,1408.000000,1386.000000,984,621,0.161647,0.750000,15678017536,387.268788,2368.500683,2605.350752,,2605.350752,,425.995667,32.000000,3,0,11.216940,0,0,0,,,,4612,3341,257,0,0,0,0
run-0048,heuristic,13508.063245,burst,gpu_batch,1408.000000,1354.000000,998,759,0.162512,0.740000,15678017536,468.595233,2605.350752,2865.885827,,2865.885827,,567.000233,32.000000,3,0,6.404632,0,0,0,,,,5380,4071,285,0,0,0,0
run-0048,heuristic,14008.145748,burst,gpu_batch,1408.000000,1384.000000,988,873,0.164506,0.790000,15678017536,567.000233,2605.350752,2865.885827,,2865.885827,,623.700256,32.000000,3,0,5.366476,0,0,0,,,,6116,4801,293,0,0,0,0
run-0048,heuristic,14508.215874,burst,gpu_batch,1440.000000,1386.000000,1008,1017,0.160160,0.790000,15678017536,623.700256,3152.474410,3152.474410,,3152.474410,,686.070281,32.000000,3,0,2.470921,0,0,0,,,,6884,5533,309,0,0,0,0
run-0048,heuristic,15008.345088,burst,gpu_batch,1408.000000,1287.000000,1024,1056,0.082917,0.810000,15678017536,754.677309,3152.474410,3152.474410,,3152.474410,,830.145040,32.000000,3,0,2.894119,0,0,0,,,,7620,6166,398,0,0,0,0
run-0048,heuristic,15508.451392,burst,gpu_batch,1408.000000,1287.000000,1024,1056,0.082917,0.810000,15678017536,754.677309,3152.474410,3152.474410,,3152.474410,,830.145040,32.000000,3,0,503.000423,0,0,0,,,,8388,6774,558,0,0,0,0
run-0048,heuristic,16008.664358,burst,gpu_batch,1408.000000,1152.000000,1024,1056,0.062500,0.780000,15678017536,913.159544,913.159544,913.159544,,,,913.159544,32.000000,3,0,0.437966,0,0,0,,,,9124,7382,686,0,0,0,0
run-0048,heuristic,16508.766756,burst,gpu_batch,1408.000000,1152.000000,1024,1056,0.062500,0.780000,15678017536,913.159544,913.159544,913.159544,,,,913.159544,32.000000,3,0,500.540364,0,0,0,,,,9892,7990,846,0,0,0,0
run-0048,heuristic,17008.829118,burst,gpu_batch,1440.000000,1152.000000,1024,1056,0.051639,0.760000,15678017536,913.159544,913.159544,913.159544,,,,913.159544,32.000000,3,0,486.734878,0,0,0,,,,10628,8630,974,0,0,0,0
run-0048,heuristic,17508.842358,burst,gpu_batch,1440.000000,1184.000000,992,1024,0.051587,0.790000,15678017536,913.159544,913.159544,913.159544,,,,913.159544,32.000000,3,0,494.335730,0,0,0,,,,11364,9238,1102,0,0,0,0
run-0048,heuristic,18008.991609,burst,gpu_batch,1440.000000,1184.000000,1024,1056,0.050696,0.810000,15678017536,913.159544,913.159544,913.159544,,,,913.159544,32.000000,3,0,490.850919,0,0,0,,,,12132,9846,1230,0,0,0,0
run-0048,heuristic,18509.053562,burst,gpu_batch,1440.000000,1184.000000,992,1024,0.051639,0.770000,15678017536,913.159544,913.159544,913.159544,,,,913.159544,32.000000,3,0,487.846440,0,0,0,,,,12868,10486,1326,0,0,0,0
run-0048,heuristic,19009.179487,burst,gpu_batch,1440.000000,1216.000000,992,1024,0.052579,0.790000,15678017536,913.159544,913.159544,913.159544,,,,913.159544,32.000000,3,0,484.484355,0,0,0,,,,13636,11126,1486,0,0,0,0
run-0048,heuristic,19509.256147,burst,gpu_batch,1472.000000,1216.000000,1024,1056,0.050746,0.780000,15678017536,830.145040,913.159544,913.159544,,,,913.159544,32.000000,3,0,482.660745,0,0,0,,,,14372,11734,1614,0,0,0,0
run-0048,heuristic,20009.355702,contention,gpu_batch,1440.000000,1216.000000,992,1024,0.052579,0.790000,15678017536,913.159544,913.159544,913.159544,,,,913.159544,32.000000,3,0,472.672698,0,0,0,,,,15132,12374,1734,0,1,1,1
run-0048,heuristic,20509.659118,contention,gpu_batch,1464.000000,1216.000000,992,1024,0.054618,0.780000,15678017536,913.159544,913.159544,913.159544,,,,913.159544,32.000000,3,0,476.290717,0,0,0,,,,15868,12918,1926,0,1,1,35
run-0048,heuristic,21009.838333,contention,balanced,1464.000000,1152.000000,1024,1056,0.102183,0.990000,15678017536,913.159544,913.159544,913.159544,,,,913.159544,32.000000,4,0,473.030420,0,0,0,,,,16636,13537,2049,0,1,1,68
run-0048,heuristic,21509.956930,contention,balanced,1472.000000,1138.000000,1009,849,0.197617,1.000000,15678017536,913.159544,1004.475499,1004.475499,,290.960772,,1004.475499,32.000000,4,0,469.289874,0,0,0,,,,17372,14171,2159,0,1,1,100
run-0048,heuristic,22010.005613,contention,balanced,1472.000000,1229.000000,1017,657,0.202381,1.000000,15678017536,1004.475499,1104.923049,1104.923049,,623.700256,,1104.923049,32.000000,4,0,466.280216,0,0,0,,,,18140,14445,2669,0,1,1,192
run-0048,heuristic,22510.069677,contention,balanced,1472.000000,848.000000,1015,631,0.203373,1.000000,15678017536,1004.475499,1215.415354,1336.956889,,913.159544,1336.956889,1104.923049,5.468468,4,0,463.037113,0,0,0,,,,18876,14663,3193,0,1,1,289
run-0048,heuristic,23010.152327,contention,balanced,1472.000000,431.000000,1020,641,0.204387,1.000000,15678017536,1215.415354,1617.717836,1779.489619,,1215.415354,1779.489619,,1.000000,4,0,463.118980,0,0,0,,,,19644,14879,3738,0,1,1,388
run-0048,heuristic,23510.221151,contention,balanced,1472.000000,431.000000,1016,644,0.201000,1.000000,15678017536,1470.652578,1957.438581,2153.182439,,1617.717836,2153.182439,,1.000000,4,0,462.502374,0,0,0,,,,20380,15094,4263,0,1,1,486
run-0048,heuristic,24010.285087,contention,balanced,1504.000000,425.000000,1023,651,0.204591,1.000000,15678017536,1779.489619,2368.500683,2368.500683,,1779.489619,2368.500683,,1.000000,4,0,462.840549,0,0,0,,,,21116,15305,4793,0,1,1,585
run-0048,heuristic,24510.363662,contention,balanced,1472.000000,418.000000,1018,651,0.201000,1.000000,15678017536,1779.489619,2865.885827,2865.885827,,1779.489619,2865.885827,,1.000000,4,0,462.363912,0,0,0,,,,21884,15510,5350,0,1,1,686
run-0048,heuristic,25010.596400,contention,balanced,1504.000000,411.000000,1023,650,0.202202,1.000000,15678017536,1779.489619,3152.474410,3152.474410,,1779.489619,3152.474410,,1.000000,4,0,462.973528,0,0,0,,,,22620,15716,5884,0,1,1,786
run-0048,heuristic,25510.702760,contention,balanced,1472.000000,407.000000,1020,645,0.201201,1.000000,15678017536,1779.489619,3467.721851,3467.721851,,1779.489619,3467.721851,,1.000000,4,0,462.650713,0,0,0,,,,23388,15919,6446,0,1,1,887
run-0048,heuristic,26010.783656,contention,balanced,1472.000000,402.000000,1016,639,0.202797,1.000000,15678017536,1779.489619,3467.721851,3467.721851,,1779.489619,3467.721851,,1.000000,4,0,463.057988,0,0,0,,,,24124,16115,6987,0,1,1,988
run-0048,heuristic,26510.996217,contention,balanced,1472.000000,393.000000,1020,634,0.201403,1.000000,15678017536,3467.721851,3467.721851,3467.721851,,1957.438581,3467.721851,,1.000000,4,0,462.613406,0,0,0,,,,24892,16305,7562,0,1,1,1090
run-0048,heuristic,27011.075748,contention,balanced,1472.000000,381.000000,1017,621,0.202202,1.000000,15678017536,3467.721851,3467.721851,3467.721851,,1957.438581,3467.721851,,1.000000,4,0,462.484312,0,0,0,,,,25628,16490,8116,0,1,1,1191
run-0048,heuristic,27511.300212,contention,balanced,1504.000000,371.000000,1022,609,0.205970,1.000000,15678017536,3467.721851,3467.721851,3467.721851,,2153.182439,3467.721851,,1.000000,4,0,462.976797,0,0,0,,,,26396,16677,8693,0,1,1,1293
run-0048,heuristic,28011.382447,contention,balanced,1472.000000,369.000000,1017,592,0.201403,1.000000,15678017536,3467.721851,3467.721851,3467.721851,,2153.182439,3467.721851,,1.000000,4,0,462.979670,0,0,0,,,,27132,16863,9245,0,1,1,1395
run-0048,heuristic,28511.527279,contention,balanced,1504.000000,368.000000,1023,582,0.202000,1.000000,15678017536,3467.721851,3467.721851,3467.721851,,2368.500683,3467.721851,,1.000000,4,0,462.334598,0,0,0,,,,27868,17051,9798,0,1,1,1497
run-0048,heuristic,29011.643573,contention,balanced,1472.000000,371.000000,1018,565,0.202202,1.000000,15678017536,3467.721851,3467.721851,3467.721851,,2368.500683,3467.721851,,1.000000,4,0,462.923966,0,0,0,,,,28636,17237,10374,0,1,1,1598
run-0048,heuristic,29511.713310,contention,balanced,1504.000000,371.000000,1023,555,0.201201,1.000000,15678017536,3152.474410,3467.721851,3467.721851,,2605.350752,3467.721851,,1.000000,4,0,462.661346,0,0,0,,,,29372,17426,10927,0,1,1,1700
run-0048,heuristic,30011.791025,recovery,balanced,1472.000000,371.000000,1020,542,0.201403,1.000000,15678017536,3152.474410,3467.721851,3467.721851,,2605.350752,3467.721851,,1.000000,4,0,462.690308,0,0,0,,,,30101,17614,11473,0,0,0,1800
run-0048,heuristic,30511.860617,recovery,balanced,1401.000000,395.000000,976,491,0.198000,0.940000,15678017536,3152.474410,3152.474410,3152.474410,,2605.350752,3152.474410,,1.000000,4,0,462.628490,0,0,0,,,,30106,18147,11473,0,0,0,1800
run-0048,heuristic,31012.089526,recovery,gpu_batch,659.000000,750.000000,438,43,0.151151,0.530000,15678017536,2605.350752,3152.474410,3152.474410,,2605.350752,3152.474410,,1.000000,5,0,462.723093,0,0,0,,,,30111,18353,11473,0,0,0,1800
run-0048,heuristic,31512.162581,recovery,gpu_batch,10.000000,704.000000,273,0,0.109671,0.010000,15678017536,2368.500683,2865.885827,2865.885827,,2605.350752,2865.885827,4.390928,1.000000,5,0,462.904901,0,0,0,,,,30116,18482,11473,0,0,0,1800
run-0048,heuristic,32012.290324,recovery,gpu_batch,10.000000,289.000000,149,0,0.103792,0.010000,15678017536,2605.350752,2605.350752,2605.350752,,2605.350752,754.677309,5.313023,1.000000,5,0,462.839787,0,0,0,,,,30121,18612,11473,0,0,0,1800
run-0048,heuristic,32512.581306,recovery,gpu_batch,10.000000,257.000000,24,0,0.103792,0.010000,15678017536,2368.500683,2605.350752,2605.350752,,2605.350752,,12.527829,1.000000,5,0,462.849928,0,0,0,,,,30126,18653,11473,0,0,0,1800
run-0048,heuristic,33012.958419,recovery,cpu_latency,10.000000,159.000000,0,0,0.022977,0.010000,15678017536,2368.500683,2368.500683,2368.500683,,2368.500683,,12.527829,1.000000,6,0,461.383894,0,0,0,,,,30131,18658,11473,0,0,0,1800
run-0048,heuristic,33513.461068,recovery,cpu_latency,10.000000,34.000000,0,0,0.007007,0.000000,15678017536,2153.182439,2368.500683,2368.500683,,2368.500683,,7.071633,1.000000,6,0,451.252308,0,0,0,,,,30136,18663,11473,0,0,0,1800
run-0048,heuristic,34013.769242,recovery,cpu_latency,10.000000,10.000000,0,0,0.006000,0.000000,15678017536,10.353578,15.158674,15.158674,,15.158674,,,,6,0,461.206052,0,0,0,,,,30141,18668,11473,0,0,0,1800
run-0048,heuristic,34513.928390,recovery,cpu_latency,10.000000,10.000000,0,0,0.008991,0.000000,15678017536,12.527829,16.674541,16.674541,,16.674541,,,,6,0,461.994510,0,0,0,,,,30146,18673,11473,0,0,0,1800
run-0048,heuristic,35013.969941,recovery,cpu_latency,10.000000,10.000000,0,0,0.008000,0.000000,15678017536,13.780612,16.674541,16.674541,,16.674541,,,,6,0,460.889042,0,0,0,,,,30151,18678,11473,0,0,0,1800
run-0048,heuristic,35514.099330,recovery,cpu_latency,10.000000,10.000000,0,0,0.006006,0.000000,15678017536,12.527829,15.158674,15.158674,,15.158674,,,,6,0,461.146165,0,0,0,,,,30156,18683,11473,0,0,0,1800
run-0048,heuristic,36014.421323,recovery,cpu_latency,10.000000,10.000000,0,0,0.007984,0.010000,15678017536,10.353578,15.158674,15.158674,,15.158674,,,,6,0,460.048501,0,0,0,,,,30161,18688,11473,0,0,0,1800
run-0048,heuristic,36514.611015,recovery,cpu_latency,10.000000,10.000000,0,0,0.005988,0.000000,15678017536,10.353578,15.158674,15.158674,,15.158674,,,,6,0,458.398875,0,0,0,,,,30166,18693,11473,0,0,0,1800
run-0048,heuristic,37014.734119,recovery,cpu_latency,10.000000,10.000000,0,0,0.006993,0.010000,15678017536,11.388936,15.158674,15.158674,,15.158674,,,,6,0,457.653834,0,0,0,,,,30171,18697,11473,0,0,0,1800
run-0048,heuristic,37514.913838,recovery,cpu_latency,10.000000,10.000000,0,0,0.006986,0.010000,15678017536,12.527829,15.158674,15.158674,,15.158674,,,,6,0,456.393227,0,0,0,,,,30176,18703,11473,0,0,0,1800
run-0048,heuristic,38014.956971,recovery,cpu_latency,9.000000,9.000000,0,0,0.006979,0.010000,15678017536,12.527829,15.158674,15.158674,,15.158674,,,,6,0,454.069338,0,0,0,,,,30181,18708,11473,0,0,0,1800
run-0048,heuristic,38515.293407,recovery,cpu_latency,9.000000,9.000000,0,0,0.008973,0.010000,15678017536,13.780612,15.158674,15.158674,,15.158674,,,,6,0,453.191700,0,0,0,,,,30186,18713,11473,0,0,0,1800
run-0048,heuristic,39015.405273,recovery,cpu_latency,9.000000,9.000000,0,0,0.004995,0.000000,15678017536,12.527829,15.158674,15.158674,,15.158674,,,,6,0,451.885925,0,0,0,,,,30191,18718,11473,0,0,0,1800
run-0048,heuristic,39515.630625,recovery,cpu_latency,9.000000,9.000000,0,0,0.007007,0.000000,15678017536,10.353578,15.158674,15.158674,,15.158674,,,,6,0,452.894782,0,0,0,,,,30196,18723,11473,0,0,0,1800
run-0048,heuristic,40001.733955,drained,cpu_latency,9.000000,9.000000,0,0,0.007000,0.000000,15678017536,11.388936,15.158674,15.158674,,15.158674,,,,6,0,438.705858,0,0,0,,,,30200,18727,11473,0,0,0,1800
