mode,cpu_backend,vectors,dimension,seed,workers,batch_max,max_wait_us,queue_capacity,offered,completed,rejected,failed,elapsed_seconds,queries_per_second,p50_ms,p95_ms,p99_ms,offered_p99_ms,slo_ms,slo_violations,cpu_completed,gpu_completed,policy_changes,controller_errors,max_producer_lag_ms,checksum,laya_calls,laya_fallbacks,laya_errors,mean_laya_latency_ms,max_laya_latency_ms,contention_kernels,id,repeat,scenario,rate,rejection_fraction,violation_fraction,started_utc,finished_utc
heuristic,avx2,100000,384,42,2,32,2000,1024,3000,3000,0,0,30.000229,99.999235,6.744983,10.906178,15.072105,15.361778,15,33,1499,1501,2,0,18.989382,1493705688,0,0,0,,,0,run-0001,1,steady,100,0.0,0.011,2026-09-28T23:46:28.500204+00:00,2026-09-28T23:46:59.858945+00:00
gpu_batch,avx2,100000,384,42,2,32,2000,1024,15000,15000,0,0,30.001875,499.968752,3.54493,4.64586,6.535461,7.896982,15,27,0,15000,0,0,26.306564,7468017063,0,0,0,,,0,run-0002,1,steady,500,0.0,0.0018,2026-09-28T23:46:59.860688+00:00,2026-09-28T23:47:31.099850+00:00
gpu_batch,avx2,1000000,384,42,2,32,2000,1024,300,300,0,0,30.000174,9.999942,42.708078,46.776014,50.820605,50.91883,15,284,0,300,0,0,2.027951,1497436981,0,0,0,,,0,run-0003,1,steady,10,0.0,0.9466666666666667,2026-09-28T23:47:31.100727+00:00,2026-09-28T23:48:10.792813+00:00
heuristic,avx2,100000,384,42,2,32,2000,1024,15000,15000,0,0,30.000655,499.989092,3.894189,4.677255,193.025147,193.132085,15,259,247,14753,1,0,12.392703,7468017063,0,0,0,,,0,run-0004,1,steady,500,0.0,0.017266666666666666,2026-09-28T23:48:10.793683+00:00,2026-09-28T23:48:42.181577+00:00
gpu_batch,avx2,1000,384,42,2,32,2000,1024,1800000,1798667,1333,0,30.000493,59954.580945,0.744894,1.217792,6.241872,6.773295,15,6264,0,1798667,0,0,28.4102,9172861460,0,0,0,,,0,run-0005,1,steady,60000,0.0007405555555555556,0.00348,2026-09-28T23:48:42.183746+00:00,2026-09-28T23:49:12.579478+00:00
cpu_latency,avx2,1000,384,42,2,32,2000,1024,300000,300000,0,0,30.000159,9999.946951,0.047686,0.07745,0.112843,0.214887,15,0,300000,0,0,0,9.362751,1529943750,0,0,0,,,0,run-0006,1,steady,10000,0.0,0.0,2026-09-28T23:49:12.580408+00:00,2026-09-28T23:49:42.826064+00:00
heuristic,avx2,100000,384,42,2,32,2000,1024,30000,30000,0,0,30.002066,999.931122,3.620361,8.225559,566.749231,566.924451,15,899,497,29503,1,0,24.236065,14936087746,0,0,0,,,0,run-0007,1,steady,1000,0.0,0.029966666666666666,2026-09-28T23:49:42.826955+00:00,2026-09-28T23:50:13.998941+00:00
heuristic,avx2,1000000,384,42,2,32,2000,1024,1500,1500,0,0,30.0002,49.999666,10.069781,11.485718,797.276283,797.317172,15,62,50,1450,2,0,1.595571,7495780543,0,0,0,,,0,run-0008,1,steady,50,0.0,0.04133333333333333,2026-09-28T23:50:14.001368+00:00,2026-09-28T23:50:53.683296+00:00
gpu_immediate,avx2,1000000,384,42,2,32,2000,1024,300,300,0,0,30.000404,9.999865,40.512043,43.891622,48.578957,48.633517,15,282,0,300,0,0,2.116614,1497436981,0,0,0,,,0,run-0009,1,steady,10,0.0,0.94,2026-09-28T23:50:53.686777+00:00,2026-09-28T23:51:33.356443+00:00
heuristic,avx2,1000000,384,42,2,32,2000,1024,3200,3200,0,0,50.043327,63.944589,1768.403646,16127.022937,19308.385687,19308.51129,15,3185,837,2363,4,0,1.367675,15989918900,0,0,0,,,783,run-0010,1,burst,150,0.0,0.9953125,2026-09-28T23:51:33.358366+00:00,2026-09-28T23:52:33.040796+00:00
gpu_batch,avx2,100000,384,42,2,32,2000,1024,30200,23744,6456,0,40.000751,593.588861,869.387278,1096.978607,1106.089065,1106.197714,15,30022,0,23744,0,0,7.469375,11821448520,0,0,0,,,765,run-0011,1,burst,1500,0.2137748344370861,0.9941059602649006,2026-09-28T23:52:33.043154+00:00,2026-09-28T23:53:14.373713+00:00
heuristic,avx2,1000000,384,42,2,32,2000,1024,3000,3000,0,0,30.75332,97.550444,10.167816,772.032445,941.321252,941.393655,15,774,774,2226,60,0,1.09109,14990552820,0,0,0,,,0,run-0012,1,steady,100,0.0,0.258,2026-09-28T23:53:14.374600+00:00,2026-09-28T23:53:54.913909+00:00
gpu_immediate,avx2,100000,384,42,2,32,2000,1024,30200,13575,16625,0,40.000381,339.371767,959.477228,5140.901262,5210.674885,5211.132498,15,30011,0,13575,0,0,9.544272,6644275175,0,0,0,,,1976,run-0013,1,burst,1500,0.5504966887417219,0.9937417218543046,2026-09-28T23:53:54.916279+00:00,2026-09-28T23:54:36.223544+00:00
cpu_latency,avx2,1000,384,42,2,32,2000,1024,30000,30000,0,0,30.00045,999.984987,0.204529,0.329124,0.48029,0.758326,15,1,30000,0,0,0,15.782253,152992770,0,0,0,,,0,run-0014,1,steady,1000,0.0,3.3333333333333335e-05,2026-09-28T23:54:36.224792+00:00,2026-09-28T23:55:06.494990+00:00
gpu_immediate,avx2,1000000,384,42,2,32,2000,1024,4500,4500,0,0,37.291059,120.672356,3604.66471,6917.102293,7218.694438,7218.884286,15,4495,0,4500,0,0,16.625026,22485768675,0,0,0,,,0,run-0015,1,steady,150,0.0,0.9988888888888889,2026-09-28T23:55:06.496456+00:00,2026-09-28T23:55:53.929949+00:00
cpu_latency,avx2,1000,384,42,2,32,2000,1024,900000,900000,0,0,30.000127,29999.873242,0.056017,0.083116,0.155228,0.226116,15,0,900000,0,0,0,3.420523,4589831250,0,0,0,,,0,run-0016,1,steady,30000,0.0,0.0,2026-09-28T23:55:53.930850+00:00,2026-09-28T23:56:24.211640+00:00
heuristic,avx2,1000,384,42,2,32,2000,1024,900000,900000,0,0,30.000868,29999.131931,1.227944,1.747289,1.855975,1.890566,15,0,14981,885019,1,0,2.992555,4589831250,0,0,0,,,0,run-0017,1,steady,30000,0.0,0.0,2026-09-28T23:56:24.212562+00:00,2026-09-28T23:56:54.463189+00:00
heuristic,avx2,1000000,384,42,2,32,2000,1024,4500,4500,0,0,33.836229,132.993544,1896.67511,3846.017643,4001.354657,4001.421114,15,4496,453,4047,24,0,8.590893,22485768675,0,0,0,,,0,run-0018,1,steady,150,0.0,0.9991111111111111,2026-09-28T23:56:54.464478+00:00,2026-09-28T23:57:38.313796+00:00
gpu_immediate,avx2,1000000,384,42,2,32,2000,1024,3000,3000,0,0,30.00033,99.998899,7.906737,8.463614,11.911703,12.916688,15,21,0,3000,0,0,17.482505,14990552820,0,0,0,,,0,run-0019,1,steady,100,0.0,0.007,2026-09-28T23:57:38.315452+00:00,2026-09-28T23:58:17.908925+00:00
gpu_batch,avx2,100000,384,42,2,32,2000,1024,45000,37159,7841,0,30.833357,1205.15585,864.607051,882.96609,890.413113,890.596799,15,44938,0,37159,0,0,20.003987,18500378282,0,0,0,,,0,run-0020,1,steady,1500,0.17424444444444445,0.9986222222222222,2026-09-28T23:58:17.909790+00:00,2026-09-28T23:58:49.916770+00:00
gpu_batch,avx2,100000,384,42,2,32,2000,1024,30000,30000,0,0,30.002927,999.902431,3.807339,5.948488,14.01542,14.839663,15,288,0,30000,0,0,19.593031,14936087746,0,0,0,,,0,run-0021,1,steady,1000,0.0,0.0096,2026-09-28T23:58:49.918243+00:00,2026-09-28T23:59:21.067893+00:00
cpu_latency,avx2,100000,384,42,2,32,2000,1024,15000,8486,6514,0,34.085455,248.9625,4081.204767,4214.38144,4218.858264,4219.14444,15,14997,8486,0,0,0,10.847082,4224455209,0,0,0,,,0,run-0022,1,steady,500,0.4342666666666667,0.9998,2026-09-28T23:59:21.070104+00:00,2026-09-28T23:59:56.268031+00:00
gpu_batch,avx2,1000000,384,42,2,32,2000,1024,3200,3200,0,0,40.00068,79.99864,2172.816052,5184.72438,5358.577229,5358.704583,15,3164,0,3200,0,0,5.145361,15989918900,0,0,0,,,645,run-0023,1,burst,150,0.0,0.98875,2026-09-28T23:59:56.268956+00:00,2026-09-29T00:00:46.021833+00:00
heuristic,avx2,1000,384,42,2,32,2000,1024,1200200,602147,598053,0,40.000921,15053.328233,0.490529,6.22881,152.116064,152.19497,15,618830,8945,593202,4,0,5.414677,3071096480,0,0,0,,,2199,run-0024,1,burst,60000,0.49829445092484587,0.515605732377937,2026-09-29T00:00:46.025031+00:00,2026-09-29T00:01:26.279106+00:00
gpu_immediate,avx2,1000,384,42,2,32,2000,1024,300000,158014,141986,0,30.215412,5229.582795,207.214629,262.628922,295.426467,295.48726,15,299592,0,158014,0,0,17.218754,806092806,0,0,0,,,0,run-0025,1,steady,10000,0.4732866666666667,0.99864,2026-09-29T00:01:26.280019+00:00,2026-09-29T00:01:56.750141+00:00
gpu_batch,avx2,1000,384,42,2,32,2000,1024,900000,900000,0,0,30.000604,29999.395594,1.213832,1.733083,1.863291,1.910044,15,0,0,900000,0,0,13.102852,4589831250,0,0,0,,,0,run-0026,1,steady,30000,0.0,0.0,2026-09-29T00:01:56.751081+00:00,2026-09-29T00:02:27.002998+00:00
gpu_immediate,avx2,1000,384,42,2,32,2000,1024,900000,146500,753500,0,30.226913,4846.674216,230.016502,251.708578,258.519037,258.614355,15,899873,0,146500,0,0,18.367111,747497839,0,0,0,,,0,run-0027,1,steady,30000,0.8372222222222222,0.9998588888888889,2026-09-29T00:02:27.004009+00:00,2026-09-29T00:02:57.459515+00:00
gpu_batch,avx2,1000,384,42,2,32,2000,1024,1200200,660103,540097,0,40.000919,16502.195696,0.484652,150.071871,152.73061,152.836683,15,627170,0,660103,0,0,7.597411,3366400590,0,0,0,,,2203,run-0028,1,burst,60000,0.4500058323612731,0.5225545742376271,2026-09-29T00:02:57.461030+00:00,2026-09-29T00:03:37.717539+00:00
cpu_latency,avx2,100000,384,42,2,32,2000,1024,3000,3000,0,0,30.000275,99.999084,7.263064,7.992467,8.471712,8.702718,15,0,3000,0,0,0,3.923068,1493705688,0,0,0,,,0,run-0029,1,steady,100,0.0,0.0,2026-09-29T00:03:37.719446+00:00,2026-09-29T00:04:08.885253+00:00
heuristic,avx2,1000,384,42,2,32,2000,1024,1800000,1800000,0,0,30.000599,59998.802766,0.722683,1.014722,2.007821,2.082621,15,0,29719,1770281,1,0,1.97625,9179662500,0,0,0,,,0,run-0030,1,steady,60000,0.0,0.0,2026-09-29T00:04:08.886135+00:00,2026-09-29T00:04:39.239601+00:00
heuristic,avx2,1000,384,42,2,32,2000,1024,300000,300000,0,0,30.009339,9996.887961,2.084172,3.223072,7.024522,7.716956,15,327,4976,295024,1,0,11.043674,1529943750,0,0,0,,,0,run-0031,1,steady,10000,0.0,0.00109,2026-09-29T00:04:39.240618+00:00,2026-09-29T00:05:09.453030+00:00
cpu_latency,avx2,1000000,384,42,2,32,2000,1024,300,300,0,0,30.000149,9.99995,74.638509,78.221077,80.283535,80.376944,15,300,300,0,0,0,7.062092,1497436981,0,0,0,,,0,run-0032,1,steady,10,0.0,1.0,2026-09-29T00:05:09.453910+00:00,2026-09-29T00:05:49.186608+00:00
cpu_latency,avx2,1000000,384,42,2,32,2000,1024,3200,1733,1467,0,73.317686,23.636862,25038.579367,39663.039952,39765.191531,39765.277749,15,3200,1733,0,0,0,1.30295,8553425231,0,0,0,,,2120,run-0033,1,burst,150,0.4584375,1.0,2026-09-29T00:05:49.187680+00:00,2026-09-29T00:07:12.339323+00:00
gpu_batch,avx2,1000000,384,42,2,32,2000,1024,1500,1500,0,0,30.000328,49.999454,12.081906,12.878721,14.845164,14.989738,15,15,0,1500,0,0,2.906673,7495780543,0,0,0,,,0,run-0034,1,steady,50,0.0,0.01,2026-09-29T00:07:12.340364+00:00,2026-09-29T00:07:51.784402+00:00
heuristic,avx2,1000,384,42,2,32,2000,1024,30000,30000,0,0,30.000622,999.979264,1.811031,3.054142,3.386888,3.817471,15,8,499,29501,1,0,12.331292,152992770,0,0,0,,,0,run-0035,1,steady,1000,0.0,0.0002666666666666667,2026-09-29T00:07:51.785241+00:00,2026-09-29T00:08:22.030147+00:00
gpu_batch,avx2,1000000,384,42,2,32,2000,1024,4500,4500,0,0,35.515141,126.706523,2671.643604,5358.284226,5590.982344,5591.044908,15,4495,0,4500,0,0,16.405177,22485768675,0,0,0,,,0,run-0036,1,steady,150,0.0,0.9988888888888889,2026-09-29T00:08:22.032036+00:00,2026-09-29T00:09:07.243519+00:00
gpu_immediate,avx2,100000,384,42,2,32,2000,1024,45000,32909,12091,0,30.958225,1063.013145,959.176218,984.686299,998.918638,999.046294,15,44949,0,32909,0,0,17.562271,16384292581,0,0,0,,,0,run-0037,1,steady,1500,0.26868888888888887,0.9988666666666667,2026-09-29T00:09:07.244545+00:00,2026-09-29T00:09:39.404480+00:00
cpu_latency,avx2,100000,384,42,2,32,2000,1024,30200,6202,23998,0,40.000975,155.046222,4082.051068,4148.581568,4159.565509,4159.784473,15,30047,6202,0,0,0,2.706651,3143868531,0,0,0,,,2089,run-0038,1,burst,1500,0.794635761589404,0.9949337748344371,2026-09-29T00:09:39.405350+00:00,2026-09-29T00:10:20.541865+00:00
gpu_immediate,avx2,100000,384,42,2,32,2000,1024,15000,15000,0,0,30.000334,499.994436,1.400148,1.533035,2.178691,2.557404,15,14,0,15000,0,0,18.185751,7468017063,0,0,0,,,0,run-0039,1,steady,500,0.0,0.0009333333333333333,2026-09-29T00:10:20.543080+00:00,2026-09-29T00:10:51.832392+00:00
cpu_latency,avx2,1000,384,42,2,32,2000,1024,1200200,929862,270338,0,40.000628,23246.185284,17.403888,51.679887,57.566042,57.810349,15,1005197,929862,0,0,0,6.327089,4710049667,0,0,0,,,2171,run-0040,1,burst,60000,0.2252441259790035,0.8375245792367939,2026-09-29T00:10:51.833242+00:00,2026-09-29T00:11:32.248857+00:00
gpu_immediate,avx2,1000,384,42,2,32,2000,1024,30000,30000,0,0,30.000397,999.986777,0.337475,0.470423,1.901723,2.24165,15,0,0,30000,0,0,9.492475,152992770,0,0,0,,,0,run-0041,1,steady,1000,0.0,0.0,2026-09-29T00:11:32.249998+00:00,2026-09-29T00:12:02.514695+00:00
gpu_immediate,avx2,100000,384,42,2,32,2000,1024,30000,30000,0,0,30.00024,999.991986,0.971984,17.338085,34.129045,34.220627,15,1909,0,30000,0,0,24.472265,14936087746,0,0,0,,,0,run-0042,1,steady,1000,0.0,0.06363333333333333,2026-09-29T00:12:02.517526+00:00,2026-09-29T00:12:33.747390+00:00
cpu_latency,avx2,1000000,384,42,2,32,2000,1024,4500,1792,2708,0,69.423115,25.812728,29082.076658,39920.722926,39950.777495,39950.886194,15,4500,1792,0,0,0,10.411328,8934376957,0,0,0,,,0,run-0043,1,steady,150,0.6017777777777777,1.0,2026-09-29T00:12:33.748321+00:00,2026-09-29T00:13:53.044007+00:00
cpu_latency,avx2,100000,384,42,2,32,2000,1024,45000,8511,36489,0,33.991966,250.382693,4089.183196,4177.851672,4230.114432,4230.241844,15,44996,8511,0,0,0,8.712195,4222198785,0,0,0,,,0,run-0044,1,steady,1500,0.8108666666666666,0.9999111111111111,2026-09-29T00:13:53.046406+00:00,2026-09-29T00:14:28.226396+00:00
gpu_immediate,avx2,100000,384,42,2,32,2000,1024,3000,3000,0,0,30.000508,99.998308,4.586692,4.97263,6.993966,7.075086,15,0,0,3000,0,0,1.336691,1493705688,0,0,0,,,0,run-0045,1,steady,100,0.0,0.0,2026-09-29T00:14:28.227324+00:00,2026-09-29T00:14:59.492327+00:00
gpu_immediate,avx2,1000000,384,42,2,32,2000,1024,1500,1500,0,0,30.000295,49.999509,9.96863,10.6313,14.614291,15.445996,15,16,0,1500,0,0,13.725909,7495780543,0,0,0,,,0,run-0046,1,steady,50,0.0,0.010666666666666666,2026-09-29T00:14:59.493199+00:00,2026-09-29T00:15:39.287358+00:00
cpu_latency,avx2,1000,384,42,2,32,2000,1024,1800000,1775243,24757,0,30.000245,59174.282881,15.48436,18.944155,20.0078,20.051461,15,1032373,1775243,0,0,0,3.625114,9053522050,0,0,0,,,0,run-0047,1,steady,60000,0.013753888888888888,0.5735405555555556,2026-09-29T00:15:39.288393+00:00,2026-09-29T00:16:09.551530+00:00
heuristic,avx2,100000,384,42,2,32,2000,1024,30200,18727,11473,0,40.000731,468.166449,844.991568,3110.44285,3221.730769,3221.853569,15,30016,3701,15026,6,0,6.332046,9381910381,0,0,0,,,1800,run-0048,1,burst,1500,0.37990066225165564,0.9939072847682119,2026-09-29T00:16:09.552512+00:00,2026-09-29T00:16:50.784545+00:00
gpu_batch,avx2,100000,384,42,2,32,2000,1024,3000,3000,0,0,30.000668,99.997774,6.56616,7.145724,9.953792,10.40752,15,7,0,3000,0,0,8.296506,1493705688,0,0,0,,,0,run-0049,1,steady,100,0.0,0.0023333333333333335,2026-09-29T00:16:50.786294+00:00,2026-09-29T00:17:21.981618+00:00
cpu_latency,avx2,100000,384,42,2,32,2000,1024,30000,8534,21466,0,34.051223,250.62242,4071.972697,4139.105303,4144.9651,4145.175832,15,29997,8534,0,0,0,5.245566,4266848132,0,0,0,,,0,run-0050,1,steady,1000,0.7155333333333334,0.9999,2026-09-29T00:17:21.982493+00:00,2026-09-29T00:17:57.292393+00:00
gpu_batch,avx2,1000,384,42,2,32,2000,1024,300000,300000,0,0,30.001271,9999.576262,2.034282,3.174692,5.033053,6.241447,15,294,0,300000,0,0,10.630609,1529943750,0,0,0,,,0,run-0051,1,steady,10000,0.0,0.00098,2026-09-29T00:17:57.294137+00:00,2026-09-29T00:18:27.759935+00:00
gpu_immediate,avx2,1000,384,42,2,32,2000,1024,1800000,140954,1659046,0,30.24455,4660.475972,242.442163,271.335916,325.268569,325.374625,15,1799881,0,140954,0,0,11.646111,718209449,0,0,0,,,0,run-0052,1,steady,60000,0.9216922222222222,0.9999338888888889,2026-09-29T00:18:27.761332+00:00,2026-09-29T00:18:58.219780+00:00
gpu_batch,avx2,1000,384,42,2,32,2000,1024,30000,30000,0,0,30.001501,999.949969,1.864357,3.085281,3.319525,3.607623,15,0,0,30000,0,0,9.934028,152992770,0,0,0,,,0,run-0053,1,steady,1000,0.0,0.0,2026-09-29T00:18:58.220749+00:00,2026-09-29T00:19:28.468789+00:00
cpu_latency,avx2,1000000,384,42,2,32,2000,1024,3000,1799,1201,0,69.72917,25.799819,25922.708091,39787.644279,39797.271333,39797.362692,15,3000,1799,0,0,0,20.226826,8972766544,0,0,0,,,0,run-0054,1,steady,100,0.4003333333333333,1.0,2026-09-29T00:19:28.472204+00:00,2026-09-29T00:20:47.862333+00:00
gpu_batch,avx2,1000000,384,42,2,32,2000,1024,3000,3000,0,0,30.000205,99.999317,9.909944,10.539732,13.684855,14.231754,15,22,0,3000,0,0,14.075861,14990552820,0,0,0,,,0,run-0055,1,steady,100,0.0,0.007333333333333333,2026-09-29T00:20:47.864288+00:00,2026-09-29T00:21:27.527840+00:00
cpu_latency,avx2,1000000,384,42,2,32,2000,1024,1500,1500,0,0,58.159701,25.791054,14295.31018,26849.956389,27925.35462,27925.547622,15,1500,1500,0,0,0,3.776643,7495780543,0,0,0,,,0,run-0056,1,steady,50,0.0,1.0,2026-09-29T00:21:27.528812+00:00,2026-09-29T00:22:35.187984+00:00
gpu_immediate,avx2,1000,384,42,2,32,2000,1024,1200200,40143,1160057,0,40.001855,1003.528473,275.758893,2865.099315,4665.670805,4665.735028,15,1199995,0,40143,0,0,7.237493,206560337,0,0,0,,,2153,run-0057,1,burst,60000,0.9665530744875854,0.9998291951341443,2026-09-29T00:22:35.188986+00:00,2026-09-29T00:23:15.568780+00:00
gpu_immediate,avx2,1000000,384,42,2,32,2000,1024,3200,3200,0,0,40.00031,79.999381,3067.473451,7103.832492,7324.177514,7324.422508,15,3164,0,3200,0,0,4.956303,15989918900,0,0,0,,,939,run-0058,1,burst,150,0.0,0.98875,2026-09-29T00:23:15.571942+00:00,2026-09-29T00:24:05.295732+00:00
heuristic,avx2,100000,384,42,2,32,2000,1024,45000,37690,7310,0,30.857601,1221.417039,853.488147,875.650972,1286.802836,1289.04662,15,44977,745,36945,1,0,15.677022,18764285029,0,0,0,,,0,run-0059,1,steady,1500,0.16244444444444445,0.9994888888888889,2026-09-29T00:24:05.297527+00:00,2026-09-29T00:24:37.327313+00:00
heuristic,avx2,1000000,384,42,2,32,2000,1024,300,300,0,0,30.000325,9.999892,73.295229,79.381798,80.225503,80.360538,15,300,300,0,0,0,0.349208,1497436981,0,0,0,,,0,run-0060,1,steady,10,0.0,1.0,2026-09-29T00:24:37.328241+00:00,2026-09-29T00:25:17.034938+00:00
heuristic,avx2,1000000,384,42,2,32,2000,1024,4500,4500,0,0,33.61636,133.863393,2021.474051,3594.684548,3707.279726,3707.41239,15,4495,488,4012,25,0,3.71402,22485768675,0,0,0,,,0,run-0061,2,steady,150,0.0,0.9988888888888889,2026-09-29T00:25:17.035867+00:00,2026-09-29T00:26:00.154098+00:00
heuristic,avx2,1000,384,42,2,32,2000,1024,300000,300000,0,0,30.001244,9999.585435,2.049214,3.216213,6.728872,7.872811,15,284,4973,295027,1,0,11.925034,1529943750,0,0,0,,,0,run-0062,2,steady,10000,0.0,0.0009466666666666666,2026-09-29T00:26:00.154971+00:00,2026-09-29T00:26:30.531903+00:00
heuristic,avx2,1000,384,42,2,32,2000,1024,1800000,1800000,0,0,30.000508,59998.983681,0.714151,0.997308,4.229542,4.284392,15,0,29877,1770123,1,0,1.006592,9179662500,0,0,0,,,0,run-0063,2,steady,60000,0.0,0.0,2026-09-29T00:26:30.532945+00:00,2026-09-29T00:27:00.841197+00:00
cpu_latency,avx2,1000,384,42,2,32,2000,1024,30000,30000,0,0,30.000603,999.979899,0.148574,0.218418,0.268726,0.556989,15,0,30000,0,0,0,6.051473,152992770,0,0,0,,,0,run-0064,2,steady,1000,0.0,0.0,2026-09-29T00:27:00.843532+00:00,2026-09-29T00:27:31.518944+00:00
cpu_latency,avx2,1000000,384,42,2,32,2000,1024,1500,1500,0,0,57.360014,26.150621,13656.750832,26066.735728,27119.082978,27119.28702,15,1500,1500,0,0,0,1.017817,7495780543,0,0,0,,,0,run-0065,2,steady,50,0.0,1.0,2026-09-29T00:27:31.521916+00:00,2026-09-29T00:28:39.029478+00:00
heuristic,avx2,1000,384,42,2,32,2000,1024,900000,900000,0,0,30.000938,29999.061717,1.205669,1.72821,1.832446,1.865759,15,0,14377,885623,1,0,5.941596,4589831250,0,0,0,,,0,run-0066,2,steady,30000,0.0,0.0,2026-09-29T00:28:39.030328+00:00,2026-09-29T00:29:09.650604+00:00
heuristic,avx2,1000,384,42,2,32,2000,1024,1200200,601831,598369,0,40.000366,15045.637153,0.436947,3.041564,146.80465,146.887742,15,613849,9126,592705,4,0,19.882377,3069840034,0,0,0,,,2258,run-0067,2,burst,60000,0.4985577403766039,0.5114555907348776,2026-09-29T00:29:09.651498+00:00,2026-09-29T00:29:49.890116+00:00
gpu_immediate,avx2,100000,384,42,2,32,2000,1024,30000,30000,0,0,30.000269,999.991036,0.945225,1.708673,7.033575,7.200835,15,29,0,30000,0,0,16.429134,14936087746,0,0,0,,,0,run-0068,2,steady,1000,0.0,0.0009666666666666667,2026-09-29T00:29:49.891108+00:00,2026-09-29T00:30:21.119715+00:00
gpu_immediate,avx2,100000,384,42,2,32,2000,1024,45000,32164,12836,0,31.00074,1037.523606,986.532345,1002.208833,1006.194053,1006.311928,15,44951,0,32164,0,0,33.217552,16003624652,0,0,0,,,0,run-0069,2,steady,1500,0.28524444444444447,0.9989111111111111,2026-09-29T00:30:21.124191+00:00,2026-09-29T00:30:53.508203+00:00
cpu_latency,avx2,1000,384,42,2,32,2000,1024,1800000,1613683,186317,0,30.019316,53754.821616,18.806433,20.830703,21.856495,21.916115,15,1794771,1613683,0,0,0,17.934963,8231442644,0,0,0,,,0,run-0070,2,steady,60000,0.10350944444444445,0.997095,2026-09-29T00:30:53.510377+00:00,2026-09-29T00:31:23.987989+00:00
gpu_immediate,avx2,100000,384,42,2,32,2000,1024,30200,13509,16691,0,40.000613,337.719826,959.978081,5077.978191,5140.061716,5140.121004,15,30012,0,13509,0,0,9.935027,6615071138,0,0,0,,,2002,run-0071,2,burst,1500,0.552682119205298,0.9937748344370861,2026-09-29T00:31:23.988921+00:00,2026-09-29T00:32:05.230109+00:00
gpu_batch,avx2,100000,384,42,2,32,2000,1024,30200,23264,6936,0,40.000895,581.586986,857.781161,1112.734956,1117.76067,1117.871349,15,30019,0,23264,0,0,17.886051,11582476065,0,0,0,,,788,run-0072,2,burst,1500,0.22966887417218543,0.9940066225165562,2026-09-29T00:32:05.230972+00:00,2026-09-29T00:32:46.429880+00:00
cpu_latency,avx2,1000,384,42,2,32,2000,1024,1200200,929384,270816,0,40.00138,23233.798182,17.639954,49.068123,57.922864,58.171592,15,1192171,929384,0,0,0,11.063916,4700467923,0,0,0,,,2170,run-0073,2,burst,60000,0.2256423929345109,0.99331028161973,2026-09-29T00:32:46.430984+00:00,2026-09-29T00:33:26.755105+00:00
gpu_immediate,avx2,1000,384,42,2,32,2000,1024,900000,148296,751704,0,30.23747,4904.378578,223.711846,250.117088,259.36959,259.456263,15,899862,0,148296,0,0,20.367156,756670254,0,0,0,,,0,run-0074,2,steady,30000,0.8352266666666667,0.9998466666666667,2026-09-29T00:33:26.756394+00:00,2026-09-29T00:33:57.290049+00:00
gpu_batch,avx2,1000,384,42,2,32,2000,1024,30000,30000,0,0,30.000289,999.990355,1.816599,3.094532,3.298442,3.496754,15,0,0,30000,0,0,7.215653,152992770,0,0,0,,,0,run-0075,2,steady,1000,0.0,0.0,2026-09-29T00:33:57.290957+00:00,2026-09-29T00:34:27.560562+00:00
gpu_immediate,avx2,100000,384,42,2,32,2000,1024,3000,3000,0,0,30.000253,99.999157,4.579235,4.946537,7.054407,7.42504,15,1,0,3000,0,0,17.355037,1493705688,0,0,0,,,0,run-0076,2,steady,100,0.0,0.0003333333333333333,2026-09-29T00:34:27.564885+00:00,2026-09-29T00:34:58.895851+00:00
cpu_latency,avx2,100000,384,42,2,32,2000,1024,30000,8552,21448,0,34.045671,251.191994,4080.180909,4142.912885,4148.828313,4148.974172,15,29997,8552,0,0,0,16.514169,4247995428,0,0,0,,,0,run-0077,2,steady,1000,0.7149333333333333,0.9999,2026-09-29T00:34:58.896734+00:00,2026-09-29T00:35:34.200015+00:00
gpu_immediate,avx2,1000000,384,42,2,32,2000,1024,4500,4500,0,0,36.83356,122.171195,3235.735671,6453.874389,6762.040277,6762.053864,15,4493,0,4500,0,0,20.612983,22485768675,0,0,0,,,0,run-0078,2,steady,150,0.0,0.9984444444444445,2026-09-29T00:35:34.202286+00:00,2026-09-29T00:36:20.821493+00:00
gpu_batch,avx2,100000,384,42,2,32,2000,1024,15000,15000,0,0,30.000538,499.99103,3.607338,4.633926,6.863674,7.91456,15,41,0,15000,0,0,15.960518,7468017063,0,0,0,,,0,run-0079,2,steady,500,0.0,0.0027333333333333333,2026-09-29T00:36:20.822437+00:00,2026-09-29T00:36:51.973599+00:00
heuristic,avx2,1000000,384,42,2,32,2000,1024,3000,3000,0,0,30.653152,97.869216,10.261911,919.041893,1158.263214,1158.378401,15,778,772,2228,49,0,6.472712,14990552820,0,0,0,,,0,run-0080,2,steady,100,0.0,0.25933333333333336,2026-09-29T00:36:51.975973+00:00,2026-09-29T00:37:32.428286+00:00
heuristic,avx2,1000000,384,42,2,32,2000,1024,3200,3200,0,0,51.631368,61.977827,1207.945204,17523.072328,20850.881374,20851.012516,15,3183,1013,2187,12,0,8.772104,15989918900,0,0,0,,,861,run-0081,2,burst,150,0.0,0.9946875,2026-09-29T00:37:32.429277+00:00,2026-09-29T00:38:33.758862+00:00
cpu_latency,avx2,100000,384,42,2,32,2000,1024,15000,8422,6578,0,34.043288,247.390911,4099.104819,4186.475658,4200.242701,4200.320229,15,14996,8422,0,0,0,7.587354,4202682963,0,0,0,,,0,run-0082,2,steady,500,0.43853333333333333,0.9997333333333334,2026-09-29T00:38:33.760060+00:00,2026-09-29T00:39:08.976441+00:00
gpu_batch,avx2,100000,384,42,2,32,2000,1024,45000,38150,6850,0,30.826139,1237.586083,840.767241,865.004878,872.614585,872.84064,15,44976,0,38150,0,0,21.078706,18993553182,0,0,0,,,0,run-0083,2,steady,1500,0.15222222222222223,0.9994666666666666,2026-09-29T00:39:08.977434+00:00,2026-09-29T00:39:41.074457+00:00
gpu_batch,avx2,1000,384,42,2,32,2000,1024,1800000,1799784,216,0,30.000508,59991.783621,0.751667,1.101719,3.582892,3.717865,15,1632,0,1799784,0,0,19.334311,9178558194,0,0,0,,,0,run-0084,2,steady,60000,0.00012,0.0009066666666666666,2026-09-29T00:39:41.075296+00:00,2026-09-29T00:40:11.348356+00:00
heuristic,avx2,100000,384,42,2,32,2000,1024,30000,30000,0,0,30.003748,999.875066,3.797043,5.493731,595.99046,596.07764,15,563,498,29502,1,0,11.264877,14936087746,0,0,0,,,0,run-0085,2,steady,1000,0.0,0.018766666666666668,2026-09-29T00:40:11.350609+00:00,2026-09-29T00:40:42.537750+00:00
gpu_batch,avx2,100000,384,42,2,32,2000,1024,30000,30000,0,0,30.001885,999.937156,3.761262,5.338863,12.955873,13.292527,15,239,0,30000,0,0,26.119276,14936087746,0,0,0,,,0,run-0086,2,steady,1000,0.0,0.007966666666666667,2026-09-29T00:40:42.538882+00:00,2026-09-29T00:41:13.765562+00:00
gpu_batch,avx2,1000,384,42,2,32,2000,1024,1200200,654376,545824,0,40.000364,16359.251202,0.471053,153.548526,157.482807,157.605007,15,623298,0,654376,0,0,2.823044,3337194255,0,0,0,,,2150,run-0087,2,burst,60000,0.4547775370771538,0.5193284452591235,2026-09-29T00:41:13.767349+00:00,2026-09-29T00:41:54.007557+00:00
heuristic,avx2,1000,384,42,2,32,2000,1024,30000,30000,0,0,30.001231,999.958971,1.803999,3.053291,3.27332,3.427805,15,0,498,29502,1,0,4.629136,152992770,0,0,0,,,0,run-0088,2,steady,1000,0.0,0.0,2026-09-29T00:41:54.009300+00:00,2026-09-29T00:42:24.288178+00:00
heuristic,avx2,1000000,384,42,2,32,2000,1024,1500,1500,0,0,30.000376,49.999373,10.050438,12.125385,765.219757,765.348169,15,59,50,1450,2,0,6.66389,7495780543,0,0,0,,,0,run-0089,2,steady,50,0.0,0.03933333333333333,2026-09-29T00:42:24.291666+00:00,2026-09-29T00:43:03.997323+00:00
gpu_batch,avx2,1000000,384,42,2,32,2000,1024,300,300,0,0,30.000583,9.999806,43.35516,46.114176,47.553144,47.703971,15,283,0,300,0,0,1.971575,1497436981,0,0,0,,,0,run-0090,2,steady,10,0.0,0.9433333333333334,2026-09-29T00:43:03.998532+00:00,2026-09-29T00:43:43.671009+00:00
gpu_immediate,avx2,100000,384,42,2,32,2000,1024,15000,15000,0,0,30.000299,499.995015,1.371401,1.50898,3.046635,3.853304,15,1,0,15000,0,0,13.710492,7468017063,0,0,0,,,0,run-0091,2,steady,500,0.0,6.666666666666667e-05,2026-09-29T00:43:43.673323+00:00,2026-09-29T00:44:15.019894+00:00
gpu_immediate,avx2,1000,384,42,2,32,2000,1024,1200200,43943,1156257,0,40.000462,1098.562316,254.0634,2537.70308,4515.993962,4516.098232,15,1199979,0,43943,0,0,2.338537,225001030,0,0,0,,,2203,run-0092,2,burst,60000,0.9633869355107482,0.9998158640226629,2026-09-29T00:44:15.022201+00:00,2026-09-29T00:44:55.291932+00:00
cpu_latency,avx2,1000000,384,42,2,32,2000,1024,4500,1798,2702,0,69.492347,25.873353,28854.053684,39791.651669,39822.765394,39822.903934,15,4500,1798,0,0,0,11.766446,8987168186,0,0,0,,,0,run-0093,2,steady,150,0.6004444444444444,1.0,2026-09-29T00:44:55.293665+00:00,2026-09-29T00:46:14.769952+00:00
gpu_immediate,avx2,1000,384,42,2,32,2000,1024,1800000,138345,1661655,0,30.259247,4571.990859,246.627054,269.424185,284.634938,284.731059,15,1799893,0,138345,0,0,12.519569,706066748,0,0,0,,,0,run-0094,2,steady,60000,0.9231416666666666,0.9999405555555556,2026-09-29T00:46:14.771132+00:00,2026-09-29T00:46:45.246875+00:00
gpu_batch,avx2,1000000,384,42,2,32,2000,1024,3000,3000,0,0,30.000489,99.998371,10.005024,10.79201,16.22242,16.549975,15,46,0,3000,0,0,14.666081,14990552820,0,0,0,,,0,run-0095,2,steady,100,0.0,0.015333333333333332,2026-09-29T00:46:45.247869+00:00,2026-09-29T00:47:25.170902+00:00
heuristic,avx2,1000000,384,42,2,32,2000,1024,300,300,0,0,30.000309,9.999897,73.159291,78.296012,80.422369,80.494098,15,300,300,0,0,0,0.462419,1497436981,0,0,0,,,0,run-0096,2,steady,10,0.0,1.0,2026-09-29T00:47:25.173807+00:00,2026-09-29T00:48:04.844470+00:00
gpu_batch,avx2,1000,384,42,2,32,2000,1024,300000,300000,0,0,30.001202,9999.599463,2.089818,3.211122,4.923776,5.856297,15,378,0,300000,0,0,17.163668,1529943750,0,0,0,,,0,run-0097,2,steady,10000,0.0,0.00126,2026-09-29T00:48:04.846346+00:00,2026-09-29T00:48:35.256071+00:00
cpu_latency,avx2,1000000,384,42,2,32,2000,1024,3000,1791,1209,0,69.409612,25.803343,26093.86236,39668.365043,39702.194259,39702.34015,15,3000,1791,0,0,0,4.766878,8913378837,0,0,0,,,0,run-0098,2,steady,100,0.403,1.0,2026-09-29T00:48:35.256931+00:00,2026-09-29T00:49:54.662452+00:00
gpu_batch,avx2,100000,384,42,2,32,2000,1024,3000,3000,0,0,30.000248,99.999173,6.69334,7.217174,9.151759,9.554464,15,1,0,3000,0,0,5.155335,1493705688,0,0,0,,,0,run-0099,2,steady,100,0.0,0.0003333333333333333,2026-09-29T00:49:54.663833+00:00,2026-09-29T00:50:25.987729+00:00
heuristic,avx2,100000,384,42,2,32,2000,1024,45000,38460,6540,0,30.824251,1247.718892,832.491975,858.528589,1036.939652,1037.017101,15,44983,688,37772,1,0,15.6119,19147702266,0,0,0,,,0,run-0100,2,steady,1500,0.14533333333333334,0.9996222222222222,2026-09-29T00:50:25.989980+00:00,2026-09-29T00:50:58.106143+00:00
cpu_latency,avx2,100000,384,42,2,32,2000,1024,45000,8428,36572,0,34.105702,247.114102,4143.152865,4262.38647,4268.457509,4268.680053,15,44997,8428,0,0,0,5.281519,4200943169,0,0,0,,,0,run-0101,2,steady,1500,0.8127111111111112,0.9999333333333333,2026-09-29T00:50:58.107551+00:00,2026-09-29T00:51:33.451064+00:00
gpu_immediate,avx2,1000000,384,42,2,32,2000,1024,300,300,0,0,30.000933,9.999689,40.676124,44.301291,48.401513,48.480233,15,283,0,300,0,0,3.895598,1497436981,0,0,0,,,0,run-0102,2,steady,10,0.0,0.9433333333333334,2026-09-29T00:51:33.452080+00:00,2026-09-29T00:52:13.120146+00:00
cpu_latency,avx2,1000,384,42,2,32,2000,1024,300000,300000,0,0,30.000155,9999.948169,0.043938,0.076688,0.122125,0.2401,15,0,300000,0,0,0,9.847807,1529943750,0,0,0,,,0,run-0103,2,steady,10000,0.0,0.0,2026-09-29T00:52:13.121008+00:00,2026-09-29T00:52:43.395117+00:00
gpu_immediate,avx2,1000000,384,42,2,32,2000,1024,3000,3000,0,0,30.000485,99.998384,7.847148,8.576146,12.417942,12.958285,15,17,0,3000,0,0,14.230426,14990552820,0,0,0,,,0,run-0104,2,steady,100,0.0,0.005666666666666667,2026-09-29T00:52:43.398052+00:00,2026-09-29T00:53:23.221515+00:00
cpu_latency,avx2,1000,384,42,2,32,2000,1024,900000,900000,0,0,30.000132,29999.867723,0.058544,0.087297,0.161801,0.234209,15,0,900000,0,0,0,1.757304,4589831250,0,0,0,,,0,run-0105,2,steady,30000,0.0,0.0,2026-09-29T00:53:23.222465+00:00,2026-09-29T00:53:53.486399+00:00
heuristic,avx2,100000,384,42,2,32,2000,1024,30200,18718,11482,0,40.000423,467.945049,825.724483,3090.321834,3236.182245,3236.30761,15,30017,2984,15734,6,0,0.919862,9379571858,0,0,0,,,1776,run-0106,2,burst,1500,0.38019867549668873,0.9939403973509934,2026-09-29T00:53:53.488820+00:00,2026-09-29T00:54:34.763819+00:00
gpu_batch,avx2,1000,384,42,2,32,2000,1024,900000,900000,0,0,30.000796,29999.204485,1.232167,1.743068,1.9618,2.083123,15,3,0,900000,0,0,13.902731,4589831250,0,0,0,,,0,run-0107,2,steady,30000,0.0,3.3333333333333333e-06,2026-09-29T00:54:34.764728+00:00,2026-09-29T00:55:05.032589+00:00
cpu_latency,avx2,100000,384,42,2,32,2000,1024,3000,3000,0,0,30.000265,99.999118,7.33307,8.144354,8.554061,8.877152,15,0,3000,0,0,0,2.195091,1493705688,0,0,0,,,0,run-0108,2,steady,100,0.0,0.0,2026-09-29T00:55:05.033667+00:00,2026-09-29T00:55:36.363676+00:00
heuristic,avx2,100000,384,42,2,32,2000,1024,3000,3000,0,0,30.000355,99.998818,7.264949,10.931466,12.210003,12.51199,15,13,1500,1500,2,0,13.947925,1493705688,0,0,0,,,0,run-0109,2,steady,100,0.0,0.004333333333333333,2026-09-29T00:55:36.364603+00:00,2026-09-29T00:56:07.584335+00:00
gpu_immediate,avx2,1000,384,42,2,32,2000,1024,300000,148925,151075,0,30.229005,4926.559827,219.974492,242.420036,251.505004,251.56187,15,299795,0,148925,0,0,4.547009,759532487,0,0,0,,,0,run-0110,2,steady,10000,0.5035833333333334,0.9993166666666666,2026-09-29T00:56:07.585908+00:00,2026-09-29T00:56:38.208537+00:00
cpu_latency,avx2,1000000,384,42,2,32,2000,1024,300,300,0,0,30.000462,9.999846,72.641074,78.7028,79.514431,79.756285,15,300,300,0,0,0,3.527308,1497436981,0,0,0,,,0,run-0111,2,steady,10,0.0,1.0,2026-09-29T00:56:38.209434+00:00,2026-09-29T00:57:18.267692+00:00
cpu_latency,avx2,1000000,384,42,2,32,2000,1024,3200,1715,1485,0,73.360035,23.377851,25325.689694,40349.602225,40486.483004,40486.577961,15,3200,1715,0,0,0,1.97035,8470242121,0,0,0,,,2122,run-0112,2,burst,150,0.4640625,1.0,2026-09-29T00:57:18.269208+00:00,2026-09-29T00:58:40.956686+00:00
gpu_immediate,avx2,1000,384,42,2,32,2000,1024,30000,30000,0,0,30.00038,999.987322,0.331207,0.446163,0.890072,1.210027,15,0,0,30000,0,0,8.894537,152992770,0,0,0,,,0,run-0113,2,steady,1000,0.0,0.0,2026-09-29T00:58:40.957603+00:00,2026-09-29T00:59:11.248100+00:00
gpu_batch,avx2,1000000,384,42,2,32,2000,1024,4500,4500,0,0,35.242653,127.686189,2649.933068,5086.301488,5316.86263,5316.874589,15,4497,0,4500,0,0,28.325703,22485768675,0,0,0,,,0,run-0114,2,steady,150,0.0,0.9993333333333333,2026-09-29T00:59:11.249057+00:00,2026-09-29T00:59:56.274578+00:00
heuristic,avx2,100000,384,42,2,32,2000,1024,15000,15000,0,0,30.00061,499.98984,3.61067,4.703322,217.240469,217.481397,15,258,251,14749,1,0,9.295422,7468017063,0,0,0,,,0,run-0115,2,steady,500,0.0,0.0172,2026-09-29T00:59:56.275480+00:00,2026-09-29T01:00:27.488341+00:00
cpu_latency,avx2,100000,384,42,2,32,2000,1024,30200,6136,24064,0,40.000946,153.396372,4158.280412,4217.279258,4228.180788,4228.308902,15,30053,6136,0,0,0,4.432402,3106730943,0,0,0,,,2100,run-0116,2,burst,1500,0.7968211920529802,0.9951324503311259,2026-09-29T01:00:27.490670+00:00,2026-09-29T01:01:08.791433+00:00
gpu_batch,avx2,1000000,384,42,2,32,2000,1024,3200,3200,0,0,40.000639,79.998722,2396.927806,5362.157213,5523.354355,5523.50222,15,3165,0,3200,0,0,5.717779,15989918900,0,0,0,,,640,run-0117,2,burst,150,0.0,0.9890625,2026-09-29T01:01:08.792497+00:00,2026-09-29T01:01:58.485211+00:00
gpu_immediate,avx2,1000000,384,42,2,32,2000,1024,1500,1500,0,0,30.000398,49.999337,10.007826,10.619669,13.416784,13.477115,15,9,0,1500,0,0,2.258469,7495780543,0,0,0,,,0,run-0118,2,steady,50,0.0,0.006,2026-09-29T01:01:58.486203+00:00,2026-09-29T01:02:38.199466+00:00
gpu_batch,avx2,1000000,384,42,2,32,2000,1024,1500,1500,0,0,30.000357,49.999404,12.195647,13.07319,16.97337,17.226296,15,35,0,1500,0,0,11.112035,7495780543,0,0,0,,,0,run-0119,2,steady,50,0.0,0.023333333333333334,2026-09-29T01:02:38.200582+00:00,2026-09-29T01:03:18.328656+00:00
gpu_immediate,avx2,1000000,384,42,2,32,2000,1024,3200,3200,0,0,40.000558,79.998884,3298.939618,7131.870627,7345.060171,7345.212685,15,3167,0,3200,0,0,8.788108,15989918900,0,0,0,,,947,run-0120,2,burst,150,0.0,0.9896875,2026-09-29T01:03:18.329568+00:00,2026-09-29T01:04:07.845530+00:00
gpu_batch,avx2,1000,384,42,2,32,2000,1024,300000,300000,0,0,30.00108,9999.640128,2.101642,3.190075,4.267695,4.739621,15,12,0,300000,0,0,8.942041,1529943750,0,0,0,,,0,run-0121,3,steady,10000,0.0,4e-05,2026-09-29T01:04:07.849169+00:00,2026-09-29T01:04:38.078373+00:00
gpu_immediate,avx2,1000000,384,42,2,32,2000,1024,3200,3200,0,0,40.001067,79.997866,3049.005568,6958.572054,7168.311221,7168.333917,15,3164,0,3200,0,0,3.293649,15989918900,0,0,0,,,932,run-0122,3,burst,150,0.0,0.98875,2026-09-29T01:04:38.079238+00:00,2026-09-29T01:05:28.085832+00:00
gpu_batch,avx2,1000,384,42,2,32,2000,1024,900000,900000,0,0,30.000679,29999.321362,1.199221,1.71142,1.847544,1.904868,15,0,0,900000,0,0,11.80959,4589831250,0,0,0,,,0,run-0123,3,steady,30000,0.0,0.0,2026-09-29T01:05:28.086700+00:00,2026-09-29T01:05:58.354165+00:00
gpu_immediate,avx2,1000,384,42,2,32,2000,1024,1200200,41416,1158784,0,40.00087,1035.377474,266.128779,2691.231653,4733.192193,4733.33283,15,1199990,0,41416,0,0,2.949596,212981700,0,0,0,,,2119,run-0124,3,burst,60000,0.9654924179303449,0.9998250291618064,2026-09-29T01:05:58.356818+00:00,2026-09-29T01:06:38.599775+00:00
gpu_immediate,avx2,100000,384,42,2,32,2000,1024,30200,13353,16847,0,40.000905,333.817451,974.99396,4999.243752,5114.791335,5114.875858,15,30011,0,13353,0,0,18.487489,6513995132,0,0,0,,,2026,run-0125,3,burst,1500,0.5578476821192053,0.9937417218543046,2026-09-29T01:06:38.600667+00:00,2026-09-29T01:07:19.827890+00:00
gpu_batch,avx2,1000000,384,42,2,32,2000,1024,1500,1500,0,0,30.000387,49.999354,12.052941,12.895557,17.59562,17.871135,15,35,0,1500,0,0,6.48471,7495780543,0,0,0,,,0,run-0126,3,steady,50,0.0,0.023333333333333334,2026-09-29T01:07:19.828793+00:00,2026-09-29T01:07:59.633512+00:00
gpu_batch,avx2,100000,384,42,2,32,2000,1024,3000,3000,0,0,30.000328,99.998907,6.689727,7.188738,8.94235,9.138901,15,4,0,3000,0,0,18.418291,1493705688,0,0,0,,,0,run-0127,3,steady,100,0.0,0.0013333333333333333,2026-09-29T01:07:59.635796+00:00,2026-09-29T01:08:30.866570+00:00
cpu_latency,avx2,1000000,384,42,2,32,2000,1024,4500,1793,2707,0,69.696349,25.725881,29032.481319,40052.23952,40070.94584,40071.037163,15,4500,1793,0,0,0,5.902466,8964754174,0,0,0,,,0,run-0128,3,steady,150,0.6015555555555555,1.0,2026-09-29T01:08:30.867560+00:00,2026-09-29T01:09:50.538164+00:00
cpu_latency,avx2,1000000,384,42,2,32,2000,1024,3000,1797,1203,0,69.784756,25.750609,25951.663697,39692.046984,39759.361441,39759.439258,15,3000,1797,0,0,0,4.315257,8972731958,0,0,0,,,0,run-0129,3,steady,100,0.401,1.0,2026-09-29T01:09:50.539169+00:00,2026-09-29T01:11:09.757724+00:00
cpu_latency,avx2,100000,384,42,2,32,2000,1024,3000,3000,0,0,30.000265,99.999118,7.469911,8.361839,8.822252,9.076639,15,2,3000,0,0,0,8.030148,1493705688,0,0,0,,,0,run-0130,3,steady,100,0.0,0.0006666666666666666,2026-09-29T01:11:09.758653+00:00,2026-09-29T01:11:41.318516+00:00
heuristic,avx2,1000,384,42,2,32,2000,1024,1800000,1800000,0,0,30.0006,59998.799496,0.749362,1.075272,4.123187,4.180523,15,0,30022,1769978,1,0,4.880886,9179662500,0,0,0,,,0,run-0131,3,steady,60000,0.0,0.0,2026-09-29T01:11:41.319396+00:00,2026-09-29T01:12:11.596484+00:00
heuristic,avx2,100000,384,42,2,32,2000,1024,30200,18854,11346,0,40.000194,471.347715,814.158378,3065.72079,3238.139572,3238.302476,15,30014,2585,16269,4,0,3.952157,9448720801,0,0,0,,,1793,run-0132,3,burst,1500,0.3756953642384106,0.993841059602649,2026-09-29T01:12:11.597376+00:00,2026-09-29T01:12:52.904912+00:00
gpu_immediate,avx2,1000000,384,42,2,32,2000,1024,1500,1500,0,0,30.000275,49.999541,10.026665,10.604718,12.517818,12.70756,15,5,0,1500,0,0,4.075639,7495780543,0,0,0,,,0,run-0133,3,steady,50,0.0,0.0033333333333333335,2026-09-29T01:12:52.905815+00:00,2026-09-29T01:13:33.214285+00:00
cpu_latency,avx2,1000000,384,42,2,32,2000,1024,1500,1500,0,0,57.810678,25.946764,13847.623241,26461.771782,27562.809202,27562.968558,15,1500,1500,0,0,0,7.994062,7495780543,0,0,0,,,0,run-0134,3,steady,50,0.0,1.0,2026-09-29T01:13:33.216965+00:00,2026-09-29T01:14:40.578729+00:00
gpu_batch,avx2,1000000,384,42,2,32,2000,1024,3000,3000,0,0,30.000303,99.998991,10.031972,10.84175,15.273361,16.039861,15,42,0,3000,0,0,13.474614,14990552820,0,0,0,,,0,run-0135,3,steady,100,0.0,0.014,2026-09-29T01:14:40.579696+00:00,2026-09-29T01:15:20.282635+00:00
heuristic,avx2,1000,384,42,2,32,2000,1024,900000,900000,0,0,30.000616,29999.384463,1.233378,1.751879,1.860384,1.894357,15,0,14934,885066,1,0,9.313847,4589831250,0,0,0,,,0,run-0136,3,steady,30000,0.0,0.0,2026-09-29T01:15:20.285377+00:00,2026-09-29T01:15:50.524818+00:00
heuristic,avx2,1000,384,42,2,32,2000,1024,30000,30000,0,0,30.000342,999.98859,1.78753,3.002587,3.496289,4.383261,15,57,498,29502,1,0,25.457177,152992770,0,0,0,,,0,run-0137,3,steady,1000,0.0,0.0019,2026-09-29T01:15:50.525720+00:00,2026-09-29T01:16:20.749291+00:00
gpu_batch,avx2,1000000,384,42,2,32,2000,1024,4500,4500,0,0,35.77797,125.775723,2896.904698,5587.996063,5844.322137,5844.395798,15,4496,0,4500,0,0,20.445525,22485768675,0,0,0,,,0,run-0138,3,steady,150,0.0,0.9991111111111111,2026-09-29T01:16:20.750284+00:00,2026-09-29T01:17:06.269160+00:00
cpu_latency,avx2,100000,384,42,2,32,2000,1024,45000,8426,36574,0,34.210679,246.297361,4126.533013,4230.910626,4252.25458,4252.368451,15,44997,8426,0,0,0,4.084856,4188211426,0,0,0,,,0,run-0139,3,steady,1500,0.8127555555555556,0.9999333333333333,2026-09-29T01:17:06.272089+00:00,2026-09-29T01:17:41.846067+00:00
gpu_batch,avx2,1000000,384,42,2,32,2000,1024,300,300,0,0,30.000491,9.999836,42.347271,45.609936,50.825131,50.908511,15,284,0,300,0,0,22.924653,1497436981,0,0,0,,,0,run-0140,3,steady,10,0.0,0.9466666666666667,2026-09-29T01:17:41.847221+00:00,2026-09-29T01:18:21.533808+00:00
heuristic,avx2,1000000,384,42,2,32,2000,1024,300,300,0,0,30.000389,9.99987,76.440532,79.260459,81.1388,81.260143,15,300,300,0,0,0,0.378943,1497436981,0,0,0,,,0,run-0141,3,steady,10,0.0,1.0,2026-09-29T01:18:21.536472+00:00,2026-09-29T01:19:01.023918+00:00
cpu_latency,avx2,100000,384,42,2,32,2000,1024,30000,8439,21561,0,34.249034,246.401113,4148.811245,4265.482913,4287.039955,4287.230445,15,29998,8439,0,0,0,4.112943,4206793112,0,0,0,,,0,run-0142,3,steady,1000,0.7187,0.9999333333333333,2026-09-29T01:19:01.025841+00:00,2026-09-29T01:19:36.988724+00:00
gpu_immediate,avx2,100000,384,42,2,32,2000,1024,3000,3000,0,0,30.000224,99.999255,4.450192,4.806394,5.421572,5.535081,15,0,0,3000,0,0,5.553135,1493705688,0,0,0,,,0,run-0143,3,steady,100,0.0,0.0,2026-09-29T01:19:36.990892+00:00,2026-09-29T01:20:08.516050+00:00
cpu_latency,avx2,1000,384,42,2,32,2000,1024,900000,900000,0,0,30.000167,29999.832548,0.0537,0.072905,0.110588,0.166582,15,0,900000,0,0,0,3.068357,4589831250,0,0,0,,,0,run-0144,3,steady,30000,0.0,0.0,2026-09-29T01:20:08.517399+00:00,2026-09-29T01:20:39.309321+00:00
gpu_batch,avx2,1000,384,42,2,32,2000,1024,30000,30000,0,0,30.000774,999.974216,1.674657,2.911424,3.172303,3.515249,15,1,0,30000,0,0,8.140446,152992770,0,0,0,,,0,run-0145,3,steady,1000,0.0,3.3333333333333335e-05,2026-09-29T01:20:39.310263+00:00,2026-09-29T01:21:09.824357+00:00
cpu_latency,avx2,1000000,384,42,2,32,2000,1024,300,300,0,0,30.000327,9.999891,71.728625,78.621487,80.822773,81.374438,15,300,300,0,0,0,1.500179,1497436981,0,0,0,,,0,run-0146,3,steady,10,0.0,1.0,2026-09-29T01:21:09.827210+00:00,2026-09-29T01:21:49.617090+00:00
heuristic,avx2,1000000,384,42,2,32,2000,1024,3200,3200,0,0,52.248544,61.245725,521.73372,18362.218095,21562.256793,21562.342528,15,3155,1123,2077,18,0,1.648544,15989918900,0,0,0,,,1005,run-0147,3,burst,150,0.0,0.9859375,2026-09-29T01:21:49.619171+00:00,2026-09-29T01:22:51.454798+00:00
gpu_immediate,avx2,1000,384,42,2,32,2000,1024,300000,141787,158213,0,30.250518,4687.093362,234.972747,262.083403,272.61018,272.691532,15,299818,0,141787,0,0,23.621876,723144189,0,0,0,,,0,run-0148,3,steady,10000,0.5273766666666667,0.9993933333333334,2026-09-29T01:22:51.457703+00:00,2026-09-29T01:23:22.005928+00:00
cpu_latency,avx2,1000,384,42,2,32,2000,1024,1800000,1639758,160242,0,30.017947,54625.92068,18.284182,21.907421,23.153058,23.203648,15,1738146,1639758,0,0,0,9.097606,8360175454,0,0,0,,,0,run-0149,3,steady,60000,0.08902333333333333,0.9656366666666667,2026-09-29T01:23:22.006800+00:00,2026-09-29T01:23:52.299201+00:00
gpu_immediate,avx2,1000000,384,42,2,32,2000,1024,300,300,0,0,30.001037,9.999654,40.704162,43.527088,45.406376,45.453812,15,281,0,300,0,0,2.453595,1497436981,0,0,0,,,0,run-0150,3,steady,10,0.0,0.9366666666666666,2026-09-29T01:23:52.300469+00:00,2026-09-29T01:24:32.052470+00:00
gpu_immediate,avx2,100000,384,42,2,32,2000,1024,30000,30000,0,0,30.002606,999.913127,0.96436,22.937913,45.618753,45.736665,15,2435,0,30000,0,0,21.347889,14936087746,0,0,0,,,0,run-0151,3,steady,1000,0.0,0.08116666666666666,2026-09-29T01:24:32.054887+00:00,2026-09-29T01:25:03.342538+00:00
gpu_batch,avx2,100000,384,42,2,32,2000,1024,45000,37938,7062,0,30.843445,1230.018227,843.964599,867.639971,877.477517,877.696419,15,44955,0,37938,0,0,19.152141,18888458682,0,0,0,,,0,run-0152,3,steady,1500,0.15693333333333334,0.999,2026-09-29T01:25:03.343455+00:00,2026-09-29T01:25:35.409889+00:00
gpu_immediate,avx2,1000000,384,42,2,32,2000,1024,3000,3000,0,0,30.00044,99.998535,7.843263,8.41108,11.559482,12.299227,15,9,0,3000,0,0,7.917553,14990552820,0,0,0,,,0,run-0153,3,steady,100,0.0,0.003,2026-09-29T01:25:35.410883+00:00,2026-09-29T01:26:15.497634+00:00
heuristic,avx2,1000000,384,42,2,32,2000,1024,1500,1500,0,0,30.000498,49.99917,10.146969,12.001024,719.438507,719.589362,15,57,50,1450,2,0,1.271364,7495780543,0,0,0,,,0,run-0154,3,steady,50,0.0,0.038,2026-09-29T01:26:15.498894+00:00,2026-09-29T01:26:55.365338+00:00
cpu_latency,avx2,100000,384,42,2,32,2000,1024,15000,8312,6688,0,34.254926,242.651232,4216.996428,4281.01414,4287.985343,4288.132851,15,14996,8312,0,0,0,5.866402,4137310403,0,0,0,,,0,run-0155,3,steady,500,0.4458666666666667,0.9997333333333334,2026-09-29T01:26:55.366648+00:00,2026-09-29T01:27:30.840621+00:00
heuristic,avx2,1000000,384,42,2,32,2000,1024,3000,3000,0,0,30.374987,98.765476,10.237498,893.833474,1110.616647,1110.968425,15,759,749,2251,58,0,6.186725,14990552820,0,0,0,,,0,run-0156,3,steady,100,0.0,0.253,2026-09-29T01:27:30.843712+00:00,2026-09-29T01:28:10.965920+00:00
gpu_immediate,avx2,100000,384,42,2,32,2000,1024,45000,32559,12441,0,30.977687,1051.046839,970.419709,993.047684,1009.593484,1009.725485,15,44943,0,32559,0,0,16.960691,16213210188,0,0,0,,,0,run-0157,3,steady,1500,0.2764666666666667,0.9987333333333334,2026-09-29T01:28:10.966856+00:00,2026-09-29T01:28:43.317742+00:00
cpu_latency,avx2,100000,384,42,2,32,2000,1024,30200,5979,24221,0,40.000501,149.473128,4258.972053,4492.3988,4510.41854,4510.551745,15,30051,5979,0,0,0,9.098331,3021202907,0,0,0,,,2110,run-0158,3,burst,1500,0.8020198675496689,0.9950662251655629,2026-09-29T01:28:43.320229+00:00,2026-09-29T01:29:24.518843+00:00
gpu_batch,avx2,100000,384,42,2,32,2000,1024,15000,15000,0,0,30.001701,499.971658,3.508225,4.587312,9.927028,12.201773,15,112,0,15000,0,0,22.251768,7468017063,0,0,0,,,0,run-0159,3,steady,500,0.0,0.007466666666666667,2026-09-29T01:29:24.519869+00:00,2026-09-29T01:29:55.759550+00:00
gpu_batch,avx2,100000,384,42,2,32,2000,1024,30000,30000,0,0,30.00211,999.929659,3.694297,4.96873,11.674212,12.314527,15,183,0,30000,0,0,17.677257,14936087746,0,0,0,,,0,run-0160,3,steady,1000,0.0,0.0061,2026-09-29T01:29:55.760711+00:00,2026-09-29T01:30:26.962158+00:00
gpu_immediate,avx2,1000,384,42,2,32,2000,1024,900000,148392,751608,0,30.224594,4909.644033,224.800032,252.542267,257.646025,257.728028,15,899874,0,148392,0,0,6.118695,756518047,0,0,0,,,0,run-0161,3,steady,30000,0.83512,0.99986,2026-09-29T01:49:42.468986+00:00,2026-09-29T01:50:13.275780+00:00
cpu_latency,avx2,1000,384,42,2,32,2000,1024,30000,30000,0,0,30.000557,999.981439,0.201028,0.32743,0.445693,0.773952,15,0,30000,0,0,0,8.345801,152992770,0,0,0,,,0,run-0162,3,steady,1000,0.0,0.0,2026-09-29T01:50:13.278541+00:00,2026-09-29T01:50:43.537526+00:00
heuristic,avx2,100000,384,42,2,32,2000,1024,45000,38103,6897,0,30.856347,1234.851285,841.875257,870.064249,1202.981398,1203.089402,15,44979,745,37358,1,0,23.279917,18970365377,0,0,0,,,0,run-0163,3,steady,1500,0.15326666666666666,0.9995333333333334,2026-09-29T01:50:43.539476+00:00,2026-09-29T01:51:15.642776+00:00
gpu_batch,avx2,1000,384,42,2,32,2000,1024,1200200,656647,543553,0,40.000942,16415.788354,0.48101,152.366189,159.070425,159.255266,15,619990,0,656647,0,0,6.782027,3348775638,0,0,0,,,2156,run-0164,3,burst,60000,0.45288535244125977,0.5165722379603399,2026-09-29T01:51:15.643733+00:00,2026-09-29T01:51:55.976134+00:00
heuristic,avx2,1000,384,42,2,32,2000,1024,1200200,585614,614586,0,40.000941,14640.005498,0.488561,19.990509,151.648532,151.783382,15,654062,6128,579486,4,0,3.817913,2986724408,0,0,0,,,2216,run-0165,3,burst,60000,0.5120696550574905,0.5449608398600233,2026-09-29T01:51:55.977463+00:00,2026-09-29T01:52:36.251082+00:00
cpu_latency,avx2,1000,384,42,2,32,2000,1024,300000,300000,0,0,30.000181,9999.939635,0.049099,0.079863,0.13662,0.263215,15,0,300000,0,0,0,11.600736,1529943750,0,0,0,,,0,run-0166,3,steady,10000,0.0,0.0,2026-09-29T01:52:36.252056+00:00,2026-09-29T01:53:06.511766+00:00
heuristic,avx2,100000,384,42,2,32,2000,1024,3000,3000,0,0,30.000325,99.998916,7.036203,10.648571,11.91207,12.024702,15,6,1500,1500,2,0,2.850274,1493705688,0,0,0,,,0,run-0167,3,steady,100,0.0,0.002,2026-09-29T01:53:06.513040+00:00,2026-09-29T01:53:38.115826+00:00
heuristic,avx2,100000,384,42,2,32,2000,1024,15000,15000,0,0,30.001327,499.977892,3.525028,4.699635,176.985416,177.118285,15,244,234,14766,1,0,9.456663,7468017063,0,0,0,,,0,run-0168,3,steady,500,0.0,0.016266666666666665,2026-09-29T01:53:38.117438+00:00,2026-09-29T01:54:09.362811+00:00
heuristic,avx2,100000,384,42,2,32,2000,1024,30000,30000,0,0,30.002096,999.930145,3.743302,4.940704,609.724542,609.921135,15,525,499,29501,1,0,11.327412,14936087746,0,0,0,,,0,run-0169,3,steady,1000,0.0,0.0175,2026-09-29T01:54:09.364653+00:00,2026-09-29T01:54:40.832302+00:00
heuristic,avx2,1000,384,42,2,32,2000,1024,300000,300000,0,0,30.001061,9999.646435,2.125236,3.246012,6.158553,6.841312,15,169,4980,295020,1,0,10.51221,1529943750,0,0,0,,,0,run-0170,3,steady,10000,0.0,0.0005633333333333333,2026-09-29T01:54:40.833205+00:00,2026-09-29T01:55:11.040972+00:00
gpu_batch,avx2,100000,384,42,2,32,2000,1024,30200,23296,6904,0,40.000676,582.390159,851.785176,1079.245243,1086.049116,1086.168445,15,30021,0,23296,0,0,5.472917,11598407562,0,0,0,,,805,run-0171,3,burst,1500,0.2286092715231788,0.9940728476821192,2026-09-29T01:55:11.041872+00:00,2026-09-29T01:55:52.293414+00:00
gpu_batch,avx2,1000000,384,42,2,32,2000,1024,3200,3200,0,0,40.00015,79.999699,2216.263156,5387.548557,5560.855332,5560.992448,15,3164,0,3200,0,0,9.624797,15989918900,0,0,0,,,648,run-0172,3,burst,150,0.0,0.98875,2026-09-29T01:55:52.294318+00:00,2026-09-29T01:56:42.741556+00:00
gpu_immediate,avx2,1000,384,42,2,32,2000,1024,1800000,133093,1666907,0,30.222674,4403.746676,252.296129,295.824207,300.137756,300.225016,15,1799912,0,133093,0,0,22.669601,678618194,0,0,0,,,0,run-0173,3,steady,60000,0.9260594444444444,0.9999511111111111,2026-09-29T01:56:42.742601+00:00,2026-09-29T01:57:13.394335+00:00
gpu_batch,avx2,1000,384,42,2,32,2000,1024,1800000,1799541,459,0,30.000439,59983.82319,0.710485,0.994644,2.091563,2.20339,15,2849,0,1799541,0,0,20.99325,9177317214,0,0,0,,,0,run-0174,3,steady,60000,0.000255,0.0015827777777777778,2026-09-29T01:57:13.396260+00:00,2026-09-29T01:57:43.681063+00:00
cpu_latency,avx2,1000000,384,42,2,32,2000,1024,3200,1710,1490,0,73.799309,23.170949,25651.037045,40517.978984,40739.036296,40739.151917,15,3200,1710,0,0,0,1.633842,8448653886,0,0,0,,,2119,run-0175,3,burst,150,0.465625,1.0,2026-09-29T01:57:43.683249+00:00,2026-09-29T01:59:07.343350+00:00
gpu_immediate,avx2,100000,384,42,2,32,2000,1024,15000,15000,0,0,30.000324,499.994593,1.381705,1.533447,2.641293,3.05715,15,3,0,15000,0,0,14.748374,7468017063,0,0,0,,,0,run-0176,3,steady,500,0.0,0.0002,2026-09-29T01:59:07.344364+00:00,2026-09-29T01:59:38.541751+00:00
gpu_immediate,avx2,1000,384,42,2,32,2000,1024,30000,30000,0,0,30.000406,999.986472,0.330977,0.445327,1.368194,1.681669,15,0,0,30000,0,0,9.590326,152992770,0,0,0,,,0,run-0177,3,steady,1000,0.0,0.0,2026-09-29T01:59:38.542731+00:00,2026-09-29T02:00:08.769420+00:00
cpu_latency,avx2,1000,384,42,2,32,2000,1024,1200200,913095,287105,0,40.001077,22826.760555,17.287192,52.3772,57.448406,57.691647,15,983651,913095,0,0,0,8.212661,4620904522,0,0,0,,,2220,run-0178,3,burst,60000,0.2392142976170638,0.819572571238127,2026-09-29T02:00:08.770412+00:00,2026-09-29T02:00:49.234316+00:00
heuristic,avx2,1000000,384,42,2,32,2000,1024,4500,4500,0,0,32.509818,138.419725,977.04989,2636.56176,2797.490123,2797.591594,15,4494,638,3862,31,0,9.195913,22485768675,0,0,0,,,0,run-0179,3,steady,150,0.0,0.9986666666666667,2026-09-29T02:00:49.235340+00:00,2026-09-29T02:01:31.839252+00:00
gpu_immediate,avx2,1000000,384,42,2,32,2000,1024,4500,4500,0,0,37.250047,120.805218,3619.733862,6839.860589,7176.60396,7176.836621,15,4493,0,4500,0,0,8.061116,22485768675,0,0,0,,,0,run-0180,3,steady,150,0.0,0.9984444444444445,2026-09-29T02:01:31.841006+00:00,2026-09-29T02:02:18.468621+00:00
heuristic,avx2,1000,384,42,2,32,2000,1024,900000,900000,0,0,30.000689,29999.310682,1.238431,1.752768,1.856915,1.888604,15,0,14927,885073,1,0,10.470875,4589831250,0,0,0,,,0,run-0181,4,steady,30000,0.0,0.0,2026-09-29T02:02:18.471032+00:00,2026-09-29T02:02:48.835838+00:00
cpu_latency,avx2,1000,384,42,2,32,2000,1024,30000,30000,0,0,30.000616,999.979456,0.18345,0.347552,0.452465,0.783398,15,0,30000,0,0,0,6.069381,152992770,0,0,0,,,0,run-0182,4,steady,1000,0.0,0.0,2026-09-29T02:02:48.836769+00:00,2026-09-29T02:03:19.118484+00:00
gpu_batch,avx2,100000,384,42,2,32,2000,1024,3000,3000,0,0,30.00028,99.999067,6.596224,7.224454,9.159984,9.511166,15,3,0,3000,0,0,13.929826,1493705688,0,0,0,,,0,run-0183,4,steady,100,0.0,0.001,2026-09-29T02:03:19.120124+00:00,2026-09-29T02:03:50.360225+00:00
gpu_batch,avx2,1000000,384,42,2,32,2000,1024,300,300,0,0,30.000593,9.999802,42.798158,46.149302,50.064767,50.137646,15,282,0,300,0,0,2.196419,1497436981,0,0,0,,,0,run-0184,4,steady,10,0.0,0.94,2026-09-29T02:03:50.361517+00:00,2026-09-29T02:04:30.272912+00:00
gpu_immediate,avx2,1000,384,42,2,32,2000,1024,1200200,38626,1161574,0,40.000375,965.640944,293.271001,3115.048229,4490.741098,4490.828018,15,1199990,0,38626,0,0,2.839061,198647461,0,0,0,,,2205,run-0185,4,burst,60000,0.9678170304949175,0.9998250291618064,2026-09-29T02:04:30.275164+00:00,2026-09-29T02:05:10.660617+00:00
gpu_immediate,avx2,1000000,384,42,2,32,2000,1024,3000,3000,0,0,30.0002,99.999333,7.706131,8.35195,13.628906,14.721461,15,28,0,3000,0,0,15.077168,14990552820,0,0,0,,,0,run-0186,4,steady,100,0.0,0.009333333333333334,2026-09-29T02:05:10.662750+00:00,2026-09-29T02:05:50.328342+00:00
heuristic,avx2,1000000,384,42,2,32,2000,1024,300,300,0,0,30.000279,9.999907,73.774124,79.072683,80.832726,80.975587,15,300,300,0,0,0,0.338999,1497436981,0,0,0,,,0,run-0187,4,steady,10,0.0,1.0,2026-09-29T02:05:50.329308+00:00,2026-09-29T02:06:29.909190+00:00
heuristic,avx2,1000,384,42,2,32,2000,1024,1200200,603048,597152,0,40.000925,15075.851215,0.494318,2.431436,153.797793,153.897196,15,612422,8089,594959,4,0,2.851829,3075780157,0,0,0,,,2179,run-0188,4,burst,60000,0.49754374270954843,0.5102666222296284,2026-09-29T02:06:29.910147+00:00,2026-09-29T02:07:10.195109+00:00
cpu_latency,avx2,1000,384,42,2,32,2000,1024,1200200,930126,270074,0,40.000707,23252.739177,17.960795,51.371272,60.786992,61.051839,15,1179694,930126,0,0,0,11.07937,4704359457,0,0,0,,,2184,run-0189,4,burst,60000,0.22502416263956007,0.9829145142476254,2026-09-29T02:07:10.197324+00:00,2026-09-29T02:07:50.522110+00:00
gpu_immediate,avx2,1000000,384,42,2,32,2000,1024,4500,4500,0,0,37.138966,121.166541,3394.725533,6770.392371,7061.041558,7061.142803,15,4493,0,4500,0,0,22.667507,22485768675,0,0,0,,,0,run-0190,4,steady,150,0.0,0.9984444444444445,2026-09-29T02:07:50.524152+00:00,2026-09-29T02:08:37.334062+00:00
heuristic,avx2,1000,384,42,2,32,2000,1024,300000,300000,0,0,30.000943,9999.685587,2.063296,3.208267,7.106421,7.686041,15,734,4845,295155,1,0,10.047608,1529943750,0,0,0,,,0,run-0191,4,steady,10000,0.0,0.002446666666666667,2026-09-29T02:08:37.335350+00:00,2026-09-29T02:09:07.614489+00:00
gpu_immediate,avx2,100000,384,42,2,32,2000,1024,15000,15000,0,0,30.00032,499.994671,1.198303,1.413309,1.808151,2.023513,15,15,0,15000,0,0,19.066595,7468017063,0,0,0,,,0,run-0192,4,steady,500,0.0,0.001,2026-09-29T02:09:07.616809+00:00,2026-09-29T02:09:38.826110+00:00
cpu_latency,avx2,1000000,384,42,2,32,2000,1024,3200,1716,1484,0,73.805489,23.250303,25348.208109,40675.970387,40808.345562,40808.417873,15,3200,1716,0,0,0,1.319613,8476009882,0,0,0,,,2160,run-0193,4,burst,150,0.46375,1.0,2026-09-29T02:09:38.827806+00:00,2026-09-29T02:11:02.267545+00:00
gpu_immediate,avx2,100000,384,42,2,32,2000,1024,30000,30000,0,0,30.000879,999.97071,0.973586,15.3518,29.705001,29.772236,15,1595,0,30000,0,0,22.817324,14936087746,0,0,0,,,0,run-0194,4,steady,1000,0.0,0.05316666666666667,2026-09-29T02:11:02.268588+00:00,2026-09-29T02:11:33.716678+00:00
gpu_immediate,avx2,100000,384,42,2,32,2000,1024,30200,13636,16564,0,40.000306,340.89739,939.701322,5120.108362,5193.202777,5193.442999,15,30011,0,13636,0,0,9.005151,6686035248,0,0,0,,,1984,run-0195,4,burst,1500,0.548476821192053,0.9937417218543046,2026-09-29T02:11:33.718140+00:00,2026-09-29T02:12:14.913131+00:00
heuristic,avx2,100000,384,42,2,32,2000,1024,3000,3000,0,0,30.000362,99.998795,7.173816,10.869236,12.120018,12.309431,15,5,1499,1501,2,0,0.438186,1493705688,0,0,0,,,0,run-0196,4,steady,100,0.0,0.0016666666666666668,2026-09-29T02:12:14.914061+00:00,2026-09-29T02:12:46.594005+00:00
cpu_latency,avx2,1000,384,42,2,32,2000,1024,900000,900000,0,0,30.000113,29999.887366,0.055249,0.07604,0.146844,0.225885,15,307,900000,0,0,0,19.766528,4589831250,0,0,0,,,0,run-0197,4,steady,30000,0.0,0.0003411111111111111,2026-09-29T02:12:46.594979+00:00,2026-09-29T02:13:17.278289+00:00
heuristic,avx2,100000,384,42,2,32,2000,1024,15000,15000,0,0,30.000264,499.995594,3.44036,4.492257,189.791845,190.056972,15,238,242,14758,1,0,0.524139,7468017063,0,0,0,,,0,run-0198,4,steady,500,0.0,0.015866666666666668,2026-09-29T02:13:17.280270+00:00,2026-09-29T02:13:48.801274+00:00
gpu_immediate,avx2,1000,384,42,2,32,2000,1024,1800000,141637,1658363,0,30.251007,4682.059054,242.050112,274.816452,292.52029,292.610961,15,1799895,0,141637,0,0,31.218226,721952100,0,0,0,,,0,run-0199,4,steady,60000,0.9213127777777778,0.9999416666666666,2026-09-29T02:13:48.802812+00:00,2026-09-29T02:14:19.735557+00:00
cpu_latency,avx2,1000000,384,42,2,32,2000,1024,3000,1794,1206,0,69.436928,25.836397,25862.460416,39623.994377,39692.064153,39692.154583,15,3000,1794,0,0,0,25.868374,8947549969,0,0,0,,,0,run-0200,4,steady,100,0.402,1.0,2026-09-29T02:14:19.737139+00:00,2026-09-29T02:15:39.174301+00:00
gpu_immediate,avx2,100000,384,42,2,32,2000,1024,45000,33006,11994,0,30.986527,1065.172614,964.770883,988.557407,1015.047633,1015.133679,15,44969,0,33006,0,0,18.970472,16421949528,0,0,0,,,0,run-0201,4,steady,1500,0.26653333333333334,0.9993111111111111,2026-09-29T02:15:39.175214+00:00,2026-09-29T02:16:11.441749+00:00
gpu_batch,avx2,1000,384,42,2,32,2000,1024,30000,30000,0,0,30.00037,999.987671,1.862266,3.108783,3.310074,3.542781,15,0,0,30000,0,0,5.749777,152992770,0,0,0,,,0,run-0202,4,steady,1000,0.0,0.0,2026-09-29T02:16:11.443124+00:00,2026-09-29T02:16:41.727817+00:00
gpu_batch,avx2,100000,384,42,2,32,2000,1024,45000,37950,7050,0,30.833707,1230.795885,843.653928,867.071918,893.939272,894.070399,15,44980,0,37950,0,0,21.616974,18893982064,0,0,0,,,0,run-0203,4,steady,1500,0.15666666666666668,0.9995555555555555,2026-09-29T02:16:41.730588+00:00,2026-09-29T02:17:13.862612+00:00
cpu_latency,avx2,1000,384,42,2,32,2000,1024,300000,300000,0,0,30.000145,9999.951609,0.044144,0.077681,0.136482,0.308227,15,0,300000,0,0,0,12.964504,1529943750,0,0,0,,,0,run-0204,4,steady,10000,0.0,0.0,2026-09-29T02:17:13.866282+00:00,2026-09-29T02:17:44.259909+00:00
gpu_batch,avx2,1000,384,42,2,32,2000,1024,900000,900000,0,0,30.000908,29999.09169,1.192257,1.71378,1.923432,2.04069,15,765,0,900000,0,0,20.443245,4589831250,0,0,0,,,0,run-0205,4,steady,30000,0.0,0.00085,2026-09-29T02:17:44.262822+00:00,2026-09-29T02:18:14.513860+00:00
gpu_batch,avx2,1000,384,42,2,32,2000,1024,1200200,660263,539937,0,40.000873,16506.214576,0.465947,151.082714,155.27136,155.392163,15,616323,0,660263,0,0,5.425589,3367216560,0,0,0,,,2189,run-0206,4,burst,60000,0.44987252124645893,0.513516913847692,2026-09-29T02:18:14.515391+00:00,2026-09-29T02:18:54.795169+00:00
cpu_latency,avx2,100000,384,42,2,32,2000,1024,3000,3000,0,0,30.000177,99.999411,7.361014,8.17594,8.530205,8.800928,15,0,3000,0,0,0,1.861878,1493705688,0,0,0,,,0,run-0207,4,steady,100,0.0,0.0,2026-09-29T02:18:54.798122+00:00,2026-09-29T02:19:26.107104+00:00
heuristic,avx2,1000,384,42,2,32,2000,1024,1800000,1800000,0,0,30.000482,59999.035426,0.739742,1.023187,2.074162,2.129649,15,0,29827,1770173,1,0,2.823586,9179662500,0,0,0,,,0,run-0208,4,steady,60000,0.0,0.0,2026-09-29T02:19:26.110034+00:00,2026-09-29T02:19:56.408368+00:00
heuristic,avx2,1000,384,42,2,32,2000,1024,30000,30000,0,0,30.000484,999.98386,1.824577,3.059743,3.32038,3.540303,15,0,498,29502,1,0,9.784931,152992770,0,0,0,,,0,run-0209,4,steady,1000,0.0,0.0,2026-09-29T02:19:56.409289+00:00,2026-09-29T02:20:26.652690+00:00
gpu_batch,avx2,1000000,384,42,2,32,2000,1024,3000,3000,0,0,30.000425,99.998583,9.994366,10.535982,13.033823,13.581269,15,21,0,3000,0,0,9.921406,14990552820,0,0,0,,,0,run-0210,4,steady,100,0.0,0.007,2026-09-29T02:20:26.655811+00:00,2026-09-29T02:21:06.473400+00:00
heuristic,avx2,100000,384,42,2,32,2000,1024,30000,30000,0,0,30.001692,999.943603,3.603383,4.816795,624.250334,624.320167,15,577,493,29507,1,0,8.672535,14936087746,0,0,0,,,0,run-0211,4,steady,1000,0.0,0.019233333333333335,2026-09-29T02:21:06.476604+00:00,2026-09-29T02:21:37.840582+00:00
cpu_latency,avx2,1000,384,42,2,32,2000,1024,1800000,1621865,178135,0,30.018034,54029.687736,18.961808,20.549368,21.200399,21.252884,15,1793701,1621865,0,0,0,9.860922,8271384556,0,0,0,,,0,run-0212,4,steady,60000,0.09896388888888889,0.9965005555555555,2026-09-29T02:21:37.841475+00:00,2026-09-29T02:22:08.120633+00:00
cpu_latency,avx2,100000,384,42,2,32,2000,1024,15000,8464,6536,0,34.095022,248.247381,4084.528998,4246.136176,4253.0307,4253.255309,15,14996,8464,0,0,0,5.37203,4207151280,0,0,0,,,0,run-0213,4,steady,500,0.4357333333333333,0.9997333333333334,2026-09-29T02:22:08.122345+00:00,2026-09-29T02:22:43.448923+00:00
cpu_latency,avx2,100000,384,42,2,32,2000,1024,30200,6010,24190,0,40.000454,150.248294,4111.475659,4940.151275,4978.465548,4978.561251,15,30061,6010,0,0,0,2.295431,3031708056,0,0,0,,,2123,run-0214,4,burst,1500,0.8009933774834437,0.9953973509933774,2026-09-29T02:22:43.451578+00:00,2026-09-29T02:23:24.642928+00:00
gpu_batch,avx2,1000000,384,42,2,32,2000,1024,1500,1500,0,0,30.000286,49.999523,12.011613,12.857419,16.680939,16.925833,15,27,0,1500,0,0,5.492666,7495780543,0,0,0,,,0,run-0215,4,steady,50,0.0,0.018,2026-09-29T02:23:24.643891+00:00,2026-09-29T02:24:04.357446+00:00
cpu_latency,avx2,100000,384,42,2,32,2000,1024,45000,8375,36625,0,34.201257,244.874042,4158.57986,4337.028672,4341.733508,4341.897103,15,44996,8375,0,0,0,12.277766,4168778349,0,0,0,,,0,run-0216,4,steady,1500,0.8138888888888889,0.9999111111111111,2026-09-29T02:24:04.360335+00:00,2026-09-29T02:24:39.795657+00:00
gpu_immediate,avx2,1000,384,42,2,32,2000,1024,900000,134588,765412,0,30.281764,4444.523066,249.485893,302.433891,307.892456,307.963319,15,899877,0,134588,0,0,6.351036,686938588,0,0,0,,,0,run-0217,4,steady,30000,0.8504577777777778,0.9998633333333333,2026-09-29T02:24:39.798835+00:00,2026-09-29T02:25:10.354142+00:00
heuristic,avx2,1000000,384,42,2,32,2000,1024,1500,1500,0,0,30.000289,49.999518,9.959876,11.172247,720.232665,720.305942,15,51,49,1451,2,0,1.176279,7495780543,0,0,0,,,0,run-0218,4,steady,50,0.0,0.034,2026-09-29T02:25:10.357087+00:00,2026-09-29T02:25:50.096935+00:00
gpu_batch,avx2,1000,384,42,2,32,2000,1024,300000,300000,0,0,30.001414,9999.528824,2.03133,3.185756,6.587638,7.497789,15,143,0,300000,0,0,19.708189,1529943750,0,0,0,,,0,run-0219,4,steady,10000,0.0,0.0004766666666666667,2026-09-29T02:25:50.099727+00:00,2026-09-29T02:26:20.359765+00:00
cpu_latency,avx2,1000000,384,42,2,32,2000,1024,300,300,0,0,30.000787,9.999738,73.287097,78.800851,80.608434,80.763672,15,300,300,0,0,0,1.415648,1497436981,0,0,0,,,0,run-0220,4,steady,10,0.0,1.0,2026-09-29T02:26:20.360703+00:00,2026-09-29T02:26:59.986471+00:00
gpu_immediate,avx2,100000,384,42,2,32,2000,1024,3000,3000,0,0,30.000339,99.99887,4.662261,5.087261,6.508764,6.665852,15,0,0,3000,0,0,3.40184,1493705688,0,0,0,,,0,run-0221,4,steady,100,0.0,0.0,2026-09-29T02:26:59.987594+00:00,2026-09-29T02:27:31.291209+00:00
gpu_batch,avx2,1000000,384,42,2,32,2000,1024,4500,4500,0,0,35.428288,127.017144,2683.053394,5254.470201,5489.188864,5489.253116,15,4496,0,4500,0,0,19.63725,22485768675,0,0,0,,,0,run-0222,4,steady,150,0.0,0.9991111111111111,2026-09-29T02:27:31.292206+00:00,2026-09-29T02:28:16.568310+00:00
gpu_batch,avx2,100000,384,42,2,32,2000,1024,15000,15000,0,0,30.001638,499.972694,3.599508,4.626305,6.583545,7.707611,15,41,0,15000,0,0,27.207687,7468017063,0,0,0,,,0,run-0223,4,steady,500,0.0,0.0027333333333333333,2026-09-29T02:28:16.569219+00:00,2026-09-29T02:28:47.782729+00:00
gpu_batch,avx2,1000,384,42,2,32,2000,1024,1800000,1798875,1125,0,30.000587,59961.326519,0.753819,1.452916,8.237474,9.083823,15,4510,0,1798875,0,0,29.244677,9173927069,0,0,0,,,0,run-0224,4,steady,60000,0.000625,0.0025055555555555556,2026-09-29T02:28:47.783745+00:00,2026-09-29T02:29:18.056202+00:00
heuristic,avx2,1000000,384,42,2,32,2000,1024,3000,3000,0,0,30.825303,97.322645,10.428535,870.427241,1130.405636,1130.636333,15,747,747,2253,58,0,2.763887,14990552820,0,0,0,,,0,run-0225,4,steady,100,0.0,0.249,2026-09-29T02:29:18.058632+00:00,2026-09-29T02:29:58.670332+00:00
cpu_latency,avx2,100000,384,42,2,32,2000,1024,30000,8164,21836,0,34.102638,239.394971,4238.310262,4482.01822,4515.024358,4515.103209,15,29996,8164,0,0,0,5.661551,4054113909,0,0,0,,,0,run-0226,4,steady,1000,0.7278666666666667,0.9998666666666667,2026-09-29T02:29:58.672947+00:00,2026-09-29T02:30:34.012075+00:00
gpu_immediate,avx2,1000,384,42,2,32,2000,1024,300000,143999,156001,0,30.25638,4759.293743,235.464137,260.126713,265.054491,265.128745,15,299786,0,143999,0,0,16.501529,734484287,0,0,0,,,0,run-0227,4,steady,10000,0.5200033333333334,0.9992866666666667,2026-09-29T02:30:34.015121+00:00,2026-09-29T02:31:04.523783+00:00
gpu_immediate,avx2,1000000,384,42,2,32,2000,1024,3200,3200,0,0,40.00044,79.999121,3260.795539,7049.292162,7264.512263,7264.713857,15,3163,0,3200,0,0,2.888216,15989918900,0,0,0,,,954,run-0228,4,burst,150,0.0,0.9884375,2026-09-29T02:31:04.526466+00:00,2026-09-29T02:31:54.319698+00:00
heuristic,avx2,1000000,384,42,2,32,2000,1024,4500,4500,0,0,33.317135,135.065636,1589.899091,3294.294224,3419.612341,3419.749966,15,4497,601,3899,30,0,8.265028,22485768675,0,0,0,,,0,run-0229,4,steady,150,0.0,0.9993333333333333,2026-09-29T02:31:54.321917+00:00,2026-09-29T02:32:37.292792+00:00
heuristic,avx2,100000,384,42,2,32,2000,1024,30200,18099,12101,0,40.000469,452.469691,865.772202,3312.217692,3385.985441,3386.157603,15,30013,2513,15586,4,0,5.109432,9072932122,0,0,0,,,1732,run-0230,4,burst,1500,0.4006953642384106,0.9938079470198675,2026-09-29T02:32:37.294431+00:00,2026-09-29T02:33:18.498702+00:00
cpu_latency,avx2,1000000,384,42,2,32,2000,1024,4500,1796,2704,0,69.642382,25.788894,29072.984793,39975.656636,40039.980366,40040.061142,15,4500,1796,0,0,0,6.356771,8973342511,0,0,0,,,0,run-0231,4,steady,150,0.6008888888888889,1.0,2026-09-29T02:33:18.499822+00:00,2026-09-29T02:34:37.885368+00:00
gpu_batch,avx2,100000,384,42,2,32,2000,1024,30000,30000,0,0,30.002174,999.927534,3.739649,5.324739,12.283485,13.130121,15,209,0,30000,0,0,21.268039,14936087746,0,0,0,,,0,run-0232,4,steady,1000,0.0,0.006966666666666667,2026-09-29T02:34:37.886263+00:00,2026-09-29T02:35:09.137560+00:00
heuristic,avx2,100000,384,42,2,32,2000,1024,45000,37622,7378,0,30.84342,1219.773925,850.737142,880.324055,1302.561661,1302.718939,15,44971,748,36874,1,0,11.351692,18730546989,0,0,0,,,0,run-0233,4,steady,1500,0.16395555555555555,0.9993555555555556,2026-09-29T02:35:09.138538+00:00,2026-09-29T02:35:41.177756+00:00
gpu_immediate,avx2,1000,384,42,2,32,2000,1024,30000,30000,0,0,30.000265,999.991173,0.337603,0.444856,1.133757,1.542205,15,0,0,30000,0,0,8.882333,152992770,0,0,0,,,0,run-0234,4,steady,1000,0.0,0.0,2026-09-29T02:35:41.178703+00:00,2026-09-29T02:36:11.478309+00:00
gpu_batch,avx2,1000000,384,42,2,32,2000,1024,3200,3200,0,0,40.000527,79.998946,2192.449295,5441.751206,5627.742476,5627.978328,15,3163,0,3200,0,0,1.836211,15989918900,0,0,0,,,648,run-0235,4,burst,150,0.0,0.9884375,2026-09-29T02:36:11.479172+00:00,2026-09-29T02:37:01.428329+00:00
cpu_latency,avx2,1000000,384,42,2,32,2000,1024,1500,1500,0,0,58.383938,25.691998,14230.192727,27081.400596,28151.124045,28151.224591,15,1500,1500,0,0,0,4.398618,7495780543,0,0,0,,,0,run-0236,4,steady,50,0.0,1.0,2026-09-29T02:37:01.429348+00:00,2026-09-29T02:38:09.380066+00:00
gpu_immediate,avx2,1000000,384,42,2,32,2000,1024,300,300,0,0,30.000691,9.99977,40.879983,44.521726,48.753737,49.021141,15,283,0,300,0,0,2.048477,1497436981,0,0,0,,,0,run-0237,4,steady,10,0.0,0.9433333333333334,2026-09-29T02:38:09.381600+00:00,2026-09-29T02:38:48.952920+00:00
gpu_immediate,avx2,1000000,384,42,2,32,2000,1024,1500,1500,0,0,30.000275,49.999542,9.917442,10.563007,13.915548,14.265389,15,12,0,1500,0,0,13.915874,7495780543,0,0,0,,,0,run-0238,4,steady,50,0.0,0.008,2026-09-29T02:38:48.953955+00:00,2026-09-29T02:39:28.762726+00:00
gpu_batch,avx2,100000,384,42,2,32,2000,1024,30200,23776,6424,0,40.000971,594.385573,838.800561,1101.298254,1111.453954,1111.510845,15,30026,0,23776,0,0,8.518306,11837380017,0,0,0,,,746,run-0239,4,burst,1500,0.21271523178807947,0.9942384105960265,2026-09-29T02:39:28.764531+00:00,2026-09-29T02:40:10.143963+00:00
heuristic,avx2,1000000,384,42,2,32,2000,1024,3200,3200,0,0,50.219103,63.720772,1081.368081,16151.613965,19450.354831,19450.473561,15,3183,1029,2171,14,0,0.414041,15989918900,0,0,0,,,847,run-0240,4,burst,150,0.0,0.9946875,2026-09-29T02:40:10.146146+00:00,2026-09-29T02:41:10.149682+00:00
cpu_latency,avx2,1000000,384,42,2,32,2000,1024,300,300,0,0,30.000322,9.999893,75.302802,78.997774,79.853798,79.957356,15,300,300,0,0,0,1.443111,1497436981,0,0,0,,,0,run-0241,5,steady,10,0.0,1.0,2026-09-29T02:41:10.152500+00:00,2026-09-29T02:41:49.963484+00:00
gpu_batch,avx2,1000,384,42,2,32,2000,1024,1800000,1800000,0,0,30.00052,59998.95915,0.71444,1.020997,2.830142,2.957032,15,34,0,1800000,0,0,12.927515,9179662500,0,0,0,,,0,run-0242,5,steady,60000,0.0,1.888888888888889e-05,2026-09-29T02:41:49.964583+00:00,2026-09-29T02:42:20.247550+00:00
gpu_batch,avx2,1000,384,42,2,32,2000,1024,30000,30000,0,0,30.000302,999.989922,1.808769,3.06144,3.331878,3.851805,15,14,0,30000,0,0,21.702306,152992770,0,0,0,,,0,run-0243,5,steady,1000,0.0,0.00046666666666666666,2026-09-29T02:42:20.248627+00:00,2026-09-29T02:42:50.452773+00:00
cpu_latency,avx2,1000,384,42,2,32,2000,1024,1800000,1711593,88407,0,30.003122,57047.16237,18.019817,19.082079,19.780371,19.840893,15,1285992,1711593,0,0,0,6.786083,8730419937,0,0,0,,,0,run-0244,5,steady,60000,0.049115,0.71444,2026-09-29T02:42:50.453665+00:00,2026-09-29T02:43:20.706169+00:00
cpu_latency,avx2,100000,384,42,2,32,2000,1024,30200,6171,24029,0,40.000516,154.273009,4129.626725,4167.595418,4175.6298,4175.701101,15,30047,6171,0,0,0,6.159613,3126584300,0,0,0,,,2087,run-0245,5,burst,1500,0.7956622516556291,0.9949337748344371,2026-09-29T02:43:20.707272+00:00,2026-09-29T02:44:01.971114+00:00
gpu_batch,avx2,1000000,384,42,2,32,2000,1024,4500,4500,0,0,35.625335,126.314602,2936.850762,5426.411807,5696.174868,5696.3375,15,4496,0,4500,0,0,24.328827,22485768675,0,0,0,,,0,run-0246,5,steady,150,0.0,0.9991111111111111,2026-09-29T02:44:01.972166+00:00,2026-09-29T02:44:47.409794+00:00
gpu_immediate,avx2,1000,384,42,2,32,2000,1024,900000,144180,755820,0,30.229366,4769.534444,234.085851,287.112575,293.622078,293.690312,15,899913,0,144180,0,0,18.294427,735258964,0,0,0,,,0,run-0247,5,steady,30000,0.8398,0.9999033333333334,2026-09-29T02:44:47.410991+00:00,2026-09-29T02:45:17.877527+00:00
cpu_latency,avx2,100000,384,42,2,32,2000,1024,30000,8370,21630,0,34.142136,245.151622,4162.598976,4270.092458,4274.676286,4274.81173,15,29997,8370,0,0,0,6.980771,4175522152,0,0,0,,,0,run-0248,5,steady,1000,0.721,0.9999,2026-09-29T02:45:17.878551+00:00,2026-09-29T02:45:53.372938+00:00
gpu_immediate,avx2,1000000,384,42,2,32,2000,1024,1500,1500,0,0,30.000247,49.999588,9.859664,10.606729,13.625788,13.921005,15,11,0,1500,0,0,1.356964,7495780543,0,0,0,,,0,run-0249,5,steady,50,0.0,0.007333333333333333,2026-09-29T02:45:53.373886+00:00,2026-09-29T02:46:33.308441+00:00
cpu_latency,avx2,1000,384,42,2,32,2000,1024,300000,300000,0,0,30.000149,9999.950363,0.048373,0.086451,0.143946,0.268098,15,0,300000,0,0,0,12.960953,1529943750,0,0,0,,,0,run-0250,5,steady,10000,0.0,0.0,2026-09-29T02:46:33.310634+00:00,2026-09-29T02:47:03.549717+00:00
gpu_immediate,avx2,100000,384,42,2,32,2000,1024,30000,30000,0,0,30.000343,999.988583,0.972247,16.626282,59.19823,59.273423,15,1592,0,30000,0,0,26.131952,14936087746,0,0,0,,,0,run-0251,5,steady,1000,0.0,0.053066666666666665,2026-09-29T02:47:03.550705+00:00,2026-09-29T02:47:34.899592+00:00
gpu_immediate,avx2,1000,384,42,2,32,2000,1024,30000,30000,0,0,30.000314,999.989525,0.326172,0.44242,1.704446,2.525817,15,18,0,30000,0,0,20.20524,152992770,0,0,0,,,0,run-0252,5,steady,1000,0.0,0.0006,2026-09-29T02:47:34.900601+00:00,2026-09-29T02:48:05.100239+00:00
cpu_latency,avx2,1000000,384,42,2,32,2000,1024,4500,1799,2701,0,69.700748,25.81034,28956.644688,40133.154995,40160.899113,40161.10556,15,4500,1799,0,0,0,11.217359,9013045973,0,0,0,,,0,run-0253,5,steady,150,0.6002222222222222,1.0,2026-09-29T02:48:05.101335+00:00,2026-09-29T02:49:24.764269+00:00
cpu_latency,avx2,1000000,384,42,2,32,2000,1024,3000,1790,1210,0,69.531912,25.743575,26088.259355,39579.131477,39635.911068,39636.046572,15,3000,1790,0,0,0,3.496823,8931283926,0,0,0,,,0,run-0254,5,steady,100,0.4033333333333333,1.0,2026-09-29T02:49:24.765378+00:00,2026-09-29T02:50:43.875903+00:00
heuristic,avx2,100000,384,42,2,32,2000,1024,3000,3000,0,0,30.000416,99.998615,7.383047,10.851294,12.269995,12.457234,15,16,1500,1500,2,0,2.655014,1493705688,0,0,0,,,0,run-0255,5,steady,100,0.0,0.005333333333333333,2026-09-29T02:50:43.876848+00:00,2026-09-29T02:51:15.117966+00:00
cpu_latency,avx2,100000,384,42,2,32,2000,1024,15000,8438,6562,0,34.176135,246.897431,4145.164686,4233.10202,4248.253466,4248.453142,15,14996,8438,0,0,0,10.287943,4201610238,0,0,0,,,0,run-0256,5,steady,500,0.43746666666666667,0.9997333333333334,2026-09-29T02:51:15.118890+00:00,2026-09-29T02:51:50.515972+00:00
gpu_batch,avx2,100000,384,42,2,32,2000,1024,3000,3000,0,0,30.000393,99.998691,6.623369,7.168776,10.966834,12.032486,15,12,0,3000,0,0,20.290689,1493705688,0,0,0,,,0,run-0257,5,steady,100,0.0,0.004,2026-09-29T02:51:50.516913+00:00,2026-09-29T02:52:21.854902+00:00
gpu_immediate,avx2,1000,384,42,2,32,2000,1024,1800000,138628,1661372,0,30.284171,4577.572825,237.046448,295.184546,303.627477,303.751068,15,1799871,0,138628,0,0,17.431962,706658653,0,0,0,,,0,run-0258,5,steady,60000,0.9229844444444445,0.9999283333333333,2026-09-29T02:52:21.856890+00:00,2026-09-29T02:52:52.353816+00:00
cpu_latency,avx2,1000000,384,42,2,32,2000,1024,3200,1697,1503,0,74.861608,22.668495,25756.008766,41519.056437,41747.204517,41747.371891,15,3200,1697,0,0,0,1.859973,8390594762,0,0,0,,,2166,run-0259,5,burst,150,0.4696875,1.0,2026-09-29T02:52:52.354840+00:00,2026-09-29T02:54:17.244406+00:00
gpu_immediate,avx2,100000,384,42,2,32,2000,1024,45000,32629,12371,0,30.997362,1052.637969,973.718889,990.117071,992.943383,993.034613,15,44968,0,32629,0,0,15.045414,16236173562,0,0,0,,,0,run-0260,5,steady,1500,0.2749111111111111,0.9992888888888889,2026-09-29T02:54:17.246311+00:00,2026-09-29T02:54:49.535714+00:00
cpu_latency,avx2,1000000,384,42,2,32,2000,1024,1500,1500,0,0,60.455557,24.811615,15462.925821,29004.676856,30191.490941,30191.693017,15,1500,1500,0,0,0,6.611502,7495780543,0,0,0,,,0,run-0261,5,steady,50,0.0,1.0,2026-09-29T02:54:49.538101+00:00,2026-09-29T02:56:00.310388+00:00
gpu_batch,avx2,100000,384,42,2,32,2000,1024,30200,23880,6320,0,40.000813,596.987865,834.851222,1084.07276,1090.11853,1090.222955,15,30014,0,23880,0,0,9.758999,11889121563,0,0,0,,,806,run-0262,5,burst,1500,0.20927152317880796,0.993841059602649,2026-09-29T02:56:00.314178+00:00,2026-09-29T02:56:41.540270+00:00
gpu_batch,avx2,100000,384,42,2,32,2000,1024,15000,15000,0,0,30.001632,499.972797,3.643355,4.702874,6.929634,7.758451,15,30,0,15000,0,0,19.911661,7468017063,0,0,0,,,0,run-0263,5,steady,500,0.0,0.002,2026-09-29T02:56:41.541376+00:00,2026-09-29T02:57:12.789091+00:00
gpu_immediate,avx2,1000000,384,42,2,32,2000,1024,3000,3000,0,0,30.000199,99.999336,7.77753,8.597044,13.073058,13.503293,15,24,0,3000,0,0,19.931058,14990552820,0,0,0,,,0,run-0264,5,steady,100,0.0,0.008,2026-09-29T02:57:12.790112+00:00,2026-09-29T02:57:52.716188+00:00
gpu_batch,avx2,1000,384,42,2,32,2000,1024,900000,900000,0,0,30.000931,29999.069501,1.188534,1.720197,2.702594,2.923247,15,757,0,900000,0,0,21.130007,4589831250,0,0,0,,,0,run-0265,5,steady,30000,0.0,0.0008411111111111112,2026-09-29T02:57:52.718521+00:00,2026-09-29T02:58:22.978814+00:00
heuristic,avx2,1000000,384,42,2,32,2000,1024,1500,1500,0,0,30.000342,49.99943,10.006971,12.131153,778.893948,778.992203,15,63,50,1450,2,0,0.825087,7495780543,0,0,0,,,0,run-0266,5,steady,50,0.0,0.042,2026-09-29T02:58:22.979813+00:00,2026-09-29T02:59:03.119400+00:00
cpu_latency,avx2,1000,384,42,2,32,2000,1024,1200200,900847,299353,0,40.001098,22520.557057,17.54525,54.912547,61.615323,61.909065,15,1171939,900847,0,0,0,11.44974,4555757311,0,0,0,,,2143,run-0267,5,burst,60000,0.24941926345609064,0.9764530911514747,2026-09-29T02:59:03.121393+00:00,2026-09-29T02:59:43.398706+00:00
heuristic,avx2,100000,384,42,2,32,2000,1024,30000,30000,0,0,30.002336,999.922142,3.744657,8.263492,635.273219,635.383379,15,807,498,29502,1,0,22.516617,14936087746,0,0,0,,,0,run-0268,5,steady,1000,0.0,0.0269,2026-09-29T02:59:43.399748+00:00,2026-09-29T03:00:14.655073+00:00
gpu_batch,avx2,100000,384,42,2,32,2000,1024,30000,30000,0,0,30.001961,999.934634,3.769359,5.036167,7.623777,7.965445,15,50,0,30000,0,0,13.13819,14936087746,0,0,0,,,0,run-0269,5,steady,1000,0.0,0.0016666666666666668,2026-09-29T03:00:14.656236+00:00,2026-09-29T03:00:45.889393+00:00
heuristic,avx2,1000000,384,42,2,32,2000,1024,4500,4500,0,0,34.967911,128.689416,2699.360713,4806.949093,5026.966264,5027.194954,15,4496,413,4087,21,0,9.392427,22485768675,0,0,0,,,0,run-0270,5,steady,150,0.0,0.9991111111111111,2026-09-29T03:00:45.891679+00:00,2026-09-29T03:01:31.103143+00:00
gpu_immediate,avx2,1000000,384,42,2,32,2000,1024,3200,3200,0,0,40.000804,79.998391,3319.403659,7387.564368,7588.487157,7588.654561,15,3163,0,3200,0,0,2.545303,15989918900,0,0,0,,,911,run-0271,5,burst,150,0.0,0.9884375,2026-09-29T03:01:31.105453+00:00,2026-09-29T03:02:21.150254+00:00
gpu_immediate,avx2,100000,384,42,2,32,2000,1024,30200,13294,16906,0,40.000933,332.342247,976.160248,5065.844208,5247.375505,5247.45623,15,30015,0,13294,0,0,7.324894,6483866426,0,0,0,,,1991,run-0272,5,burst,1500,0.5598013245033112,0.9938741721854305,2026-09-29T03:02:21.151163+00:00,2026-09-29T03:03:02.559148+00:00
gpu_batch,avx2,1000000,384,42,2,32,2000,1024,300,300,0,0,30.000286,9.999905,45.06041,50.88527,53.665304,53.946352,15,273,0,300,0,0,1.245966,1497436981,0,0,0,,,0,run-0273,5,steady,10,0.0,0.91,2026-09-29T03:03:02.562096+00:00,2026-09-29T03:03:42.756788+00:00
cpu_latency,avx2,1000,384,42,2,32,2000,1024,30000,30000,0,0,30.000592,999.98026,0.119313,0.292705,0.385459,0.727287,15,0,30000,0,0,0,7.379587,152992770,0,0,0,,,0,run-0274,5,steady,1000,0.0,0.0,2026-09-29T03:03:42.757879+00:00,2026-09-29T03:04:13.130534+00:00
gpu_immediate,avx2,100000,384,42,2,32,2000,1024,3000,3000,0,0,30.000467,99.998443,3.870217,5.860191,8.109782,9.128787,15,2,0,3000,0,0,17.560682,1493705688,0,0,0,,,0,run-0275,5,steady,100,0.0,0.0006666666666666666,2026-09-29T03:04:13.131972+00:00,2026-09-29T03:04:44.589162+00:00
gpu_immediate,avx2,1000000,384,42,2,32,2000,1024,300,300,0,0,30.000386,9.999871,41.61999,48.787864,51.476959,51.657867,15,265,0,300,0,0,2.284291,1497436981,0,0,0,,,0,run-0276,5,steady,10,0.0,0.8833333333333333,2026-09-29T03:04:44.591654+00:00,2026-09-29T03:05:24.956196+00:00
gpu_batch,avx2,1000,384,42,2,32,2000,1024,1200200,657735,542465,0,40.000719,16443.079332,0.472073,151.237361,170.266031,170.375596,15,617601,0,657735,0,0,15.335581,3354324234,0,0,0,,,2121,run-0277,5,burst,60000,0.45197883686052326,0.5145817363772704,2026-09-29T03:05:24.957242+00:00,2026-09-29T03:06:05.654263+00:00
heuristic,avx2,100000,384,42,2,32,2000,1024,30200,18628,11572,0,40.000431,465.694987,823.824839,3096.134998,3223.932428,3224.080677,15,30004,3286,15342,4,0,9.037938,9335474194,0,0,0,,,1788,run-0278,5,burst,1500,0.38317880794701986,0.9935099337748344,2026-09-29T03:06:05.656900+00:00,2026-09-29T03:06:47.039093+00:00
gpu_batch,avx2,1000000,384,42,2,32,2000,1024,3200,3200,0,0,40.000684,79.998632,2090.311433,4988.803111,5147.143588,5147.302163,15,3167,0,3200,0,0,17.751027,15989918900,0,0,0,,,638,run-0279,5,burst,150,0.0,0.9896875,2026-09-29T03:10:11.487457+00:00,2026-09-29T03:11:01.932343+00:00
heuristic,avx2,1000,384,42,2,32,2000,1024,30000,30000,0,0,30.000558,999.981397,1.733337,3.009747,5.112007,5.817049,15,4,494,29506,1,0,15.106134,152992770,0,0,0,,,0,run-0280,5,steady,1000,0.0,0.00013333333333333334,2026-09-29T03:11:01.933873+00:00,2026-09-29T03:11:32.182070+00:00
heuristic,avx2,100000,384,42,2,32,2000,1024,45000,38261,6739,0,30.8898,1238.628937,835.939502,880.963805,1330.897998,1331.024197,15,44978,741,37520,1,0,16.254777,19048766014,0,0,0,,,0,run-0281,5,steady,1500,0.14975555555555556,0.9995111111111111,2026-09-29T03:11:32.183734+00:00,2026-09-29T03:12:04.387177+00:00
heuristic,avx2,100000,384,42,2,32,2000,1024,15000,15000,0,0,30.001637,499.972724,3.667091,4.698044,203.916531,204.109693,15,276,249,14751,1,0,8.619297,7468017063,0,0,0,,,0,run-0282,5,steady,500,0.0,0.0184,2026-09-29T03:12:04.389414+00:00,2026-09-29T03:12:35.536772+00:00
gpu_batch,avx2,1000,384,42,2,32,2000,1024,300000,300000,0,0,30.001335,9999.554931,2.114842,3.245986,5.181126,6.595266,15,504,0,300000,0,0,31.464477,1529943750,0,0,0,,,0,run-0283,5,steady,10000,0.0,0.00168,2026-09-29T03:12:35.537840+00:00,2026-09-29T03:13:05.803291+00:00
heuristic,avx2,1000,384,42,2,32,2000,1024,1200200,600231,599969,0,40.000314,15005.657373,0.465592,1.297399,147.060246,147.162417,15,614399,8192,592039,4,0,2.544649,3061662637,0,0,0,,,2240,run-0284,5,burst,60000,0.4998908515247459,0.5119138476920513,2026-09-29T03:13:05.805035+00:00,2026-09-29T03:13:46.094431+00:00
gpu_immediate,avx2,1000,384,42,2,32,2000,1024,1200200,45495,1154705,0,40.001043,1137.345348,240.456688,2274.043727,4659.848593,4660.062441,15,1199989,0,45495,0,0,6.475738,232398950,0,0,0,,,2144,run-0285,5,burst,60000,0.9620938176970505,0.9998241959673387,2026-09-29T03:13:46.098495+00:00,2026-09-29T03:14:25.950988+00:00
gpu_immediate,avx2,1000000,384,42,2,32,2000,1024,4500,4500,0,0,37.505198,119.983367,3545.726096,7123.082575,7432.246486,7432.316185,15,4495,0,4500,0,0,18.080171,22485768675,0,0,0,,,0,run-0286,5,steady,150,0.0,0.9988888888888889,2026-09-29T03:14:25.954644+00:00,2026-09-29T03:15:13.903131+00:00
gpu_batch,avx2,100000,384,42,2,32,2000,1024,45000,37407,7593,0,30.869056,1211.796039,860.080136,881.159293,888.073993,888.372595,15,44954,0,37407,0,0,17.089837,18623541909,0,0,0,,,0,run-0287,5,steady,1500,0.16873333333333335,0.9989777777777777,2026-09-29T03:15:13.904785+00:00,2026-09-29T03:15:45.969515+00:00
cpu_latency,avx2,1000,384,42,2,32,2000,1024,900000,900000,0,0,30.00012,29999.8796,0.055502,0.081228,0.152261,0.240151,15,0,900000,0,0,0,5.703822,4589831250,0,0,0,,,0,run-0288,5,steady,30000,0.0,0.0,2026-09-29T03:15:45.970452+00:00,2026-09-29T03:16:16.346856+00:00
cpu_latency,avx2,100000,384,42,2,32,2000,1024,45000,8453,36547,0,34.091084,247.953395,4110.972382,4239.90272,4248.071152,4248.225306,15,44998,8453,0,0,0,7.471349,4211204429,0,0,0,,,0,run-0289,5,steady,1500,0.8121555555555555,0.9999555555555556,2026-09-29T03:16:16.347841+00:00,2026-09-29T03:16:51.711208+00:00
heuristic,avx2,1000,384,42,2,32,2000,1024,300000,300000,0,0,30.000863,9999.712284,2.039112,3.109392,3.339363,3.449067,15,0,5022,294978,1,0,8.790249,1529943750,0,0,0,,,0,run-0290,5,steady,10000,0.0,0.0,2026-09-29T03:16:51.713295+00:00,2026-09-29T03:17:21.988955+00:00
gpu_immediate,avx2,100000,384,42,2,32,2000,1024,15000,15000,0,0,30.000409,499.993178,1.198326,1.448582,4.431641,5.652467,15,5,0,15000,0,0,17.005389,7468017063,0,0,0,,,0,run-0291,5,steady,500,0.0,0.0003333333333333333,2026-09-29T03:17:21.989912+00:00,2026-09-29T03:17:53.303777+00:00
gpu_immediate,avx2,1000,384,42,2,32,2000,1024,300000,172528,127472,0,30.223601,5708.386572,187.876894,222.816275,227.366824,227.454011,15,299532,0,172528,0,0,5.647591,879922697,0,0,0,,,0,run-0292,5,steady,10000,0.42490666666666665,0.99844,2026-09-29T03:17:53.304782+00:00,2026-09-29T03:18:23.756653+00:00
gpu_batch,avx2,1000000,384,42,2,32,2000,1024,3000,3000,0,0,30.000608,99.997972,10.102861,10.681329,14.216784,14.926997,15,30,0,3000,0,0,11.206595,14990552820,0,0,0,,,0,run-0293,5,steady,100,0.0,0.01,2026-09-29T03:18:23.757540+00:00,2026-09-29T03:19:03.829388+00:00
heuristic,avx2,1000,384,42,2,32,2000,1024,900000,900000,0,0,30.000864,29999.13572,1.237601,1.764895,1.898046,1.945275,15,1208,14866,885134,1,0,19.053313,4589831250,0,0,0,,,0,run-0294,5,steady,30000,0.0,0.0013422222222222223,2026-09-29T03:19:03.832430+00:00,2026-09-29T03:19:34.080832+00:00
heuristic,avx2,1000000,384,42,2,32,2000,1024,3200,3200,0,0,51.513535,62.119597,1205.629659,17397.969245,20758.03387,20758.334197,15,3183,997,2203,10,0,3.150838,15989918900,0,0,0,,,829,run-0295,5,burst,150,0.0,0.9946875,2026-09-29T03:19:34.081949+00:00,2026-09-29T03:20:35.495761+00:00
cpu_latency,avx2,100000,384,42,2,32,2000,1024,3000,3000,0,0,30.000317,99.998942,7.408236,8.236924,8.810682,9.015601,15,0,3000,0,0,0,2.252817,1493705688,0,0,0,,,0,run-0296,5,steady,100,0.0,0.0,2026-09-29T03:20:35.497184+00:00,2026-09-29T03:21:06.808885+00:00
gpu_batch,avx2,1000000,384,42,2,32,2000,1024,1500,1500,0,0,30.000302,49.999497,12.079131,12.664288,13.356214,14.133872,15,9,0,1500,0,0,8.671533,7495780543,0,0,0,,,0,run-0297,5,steady,50,0.0,0.006,2026-09-29T03:21:06.809816+00:00,2026-09-29T03:21:46.944504+00:00
heuristic,avx2,1000,384,42,2,32,2000,1024,1800000,1800000,0,0,30.000557,59998.885243,0.70049,0.977095,1.636069,1.700729,15,0,28683,1771317,1,0,8.972971,9179662500,0,0,0,,,0,run-0298,5,steady,60000,0.0,0.0,2026-09-29T03:21:46.945982+00:00,2026-09-29T03:22:17.244874+00:00
heuristic,avx2,1000000,384,42,2,32,2000,1024,3000,3000,0,0,30.814525,97.356685,10.509728,980.493371,1205.598189,1205.727378,15,724,724,2276,54,0,2.725181,14990552820,0,0,0,,,0,run-0299,5,steady,100,0.0,0.24133333333333334,2026-09-29T03:22:17.246810+00:00,2026-09-29T03:22:57.936124+00:00
heuristic,avx2,1000000,384,42,2,32,2000,1024,300,300,0,0,30.00025,9.999917,75.717163,80.242741,82.820271,83.151247,15,300,300,0,0,0,1.025389,1497436981,0,0,0,,,0,run-0300,5,steady,10,0.0,1.0,2026-09-29T03:22:57.937863+00:00,2026-09-29T03:23:37.990553+00:00
